<Database>
<!-- Plastic Surgry Mod by Sleepy068 -->
<!-- 
### Asset ### 
This section adds my custom icons, decals, etc to the game. -->

<!-- 
### Objects ### 
This section adds my custom objects to the department. -->

<!-- 
### Skills ### 
This section adds my custom logo to the department specific skills. -->

<GameDBAsset ID="ASSET_MOD_ICON_PLAS">   
	<Type>TEXTURE_CUSTOM_SPRITE</Type>               
	<File>MOD_ROOT/mod_skill_icon_plas.png</File> 
</GameDBAsset>

<GameDBAsset ID="ASSET_MOD_ICON_PLAS_DARK">   
	<Type>TEXTURE_CUSTOM_SPRITE</Type>               
	<File>MOD_ROOT/mod_skill_icon_plas_dark.png</File> 
</GameDBAsset>

<!-- 
### Department ### 
This section handles adding my custom department logos to the game. -->

<GameDBAsset ID="ASSET_PLAS_DPT_ICON_0">   
	<Type>TEXTURE_CUSTOM_SPRITE</Type>               
	<File>MOD_ROOT/mod_dept_icon_0.png</File> 
</GameDBAsset>

<GameDBAsset ID="ASSET_PLAS_DPT_ICON_1">   
	<Type>TEXTURE_CUSTOM_SPRITE</Type>               
	<File>MOD_ROOT/mod_dept_icon_1.png</File> 
</GameDBAsset>

<GameDBAsset ID="ASSET_PLAS_DPT_ICON_2">   
	<Type>TEXTURE_CUSTOM_SPRITE</Type>               
	<File>MOD_ROOT/mod_dept_icon_2.png</File> 
</GameDBAsset>

<GameDBAsset ID="ASSET_PLAS_DPT_ICON_3">   
	<Type>TEXTURE_CUSTOM_SPRITE</Type>               
	<File>MOD_ROOT/mod_dept_icon_3.png</File> 
</GameDBAsset>

<GameDBAsset ID="ASSET_PLAS_DPT_ICON_4">   
	<Type>TEXTURE_CUSTOM_SPRITE</Type>               
	<File>MOD_ROOT/mod_dept_icon_4.png</File> 
</GameDBAsset>

<GameDBAsset ID="ASSET_PLAS_DPT_ICON_5">   
	<Type>TEXTURE_CUSTOM_SPRITE</Type>               
	<File>MOD_ROOT/mod_dept_icon_5.png</File> 
</GameDBAsset>

<GameDBAsset ID="ASSET_PLAS_DPT_ICON_6">   
	<Type>TEXTURE_CUSTOM_SPRITE</Type>               
	<File>MOD_ROOT/mod_dept_icon_6.png</File> 
</GameDBAsset>

<!-- 
### Diagonsis ### 
This section handles adding my custom diagonsis icons to the game. -->

<GameDBAsset ID="ASSET_PLAS_DIA_ICON_001">   
	<Type>TEXTURE_CUSTOM_SPRITE</Type>               
	<File>MOD_ROOT/dia_slp_breast1a.png</File> 
</GameDBAsset>

<GameDBAsset ID="ASSET_PLAS_DIA_ICON_002">   
	<Type>TEXTURE_CUSTOM_SPRITE</Type>               
	<File>MOD_ROOT/dia_slp_breast1b.png</File> 
</GameDBAsset>

<GameDBAsset ID="ASSET_PLAS_DIA_ICON_003">   
	<Type>TEXTURE_CUSTOM_SPRITE</Type>               
	<File>MOD_ROOT/dia_slp_breast2a.png</File> 
</GameDBAsset>

<GameDBAsset ID="ASSET_PLAS_DIA_ICON_004">   
	<Type>TEXTURE_CUSTOM_SPRITE</Type>               
	<File>MOD_ROOT/dia_slp_breast2b.png</File> 
</GameDBAsset>

<GameDBAsset ID="ASSET_PLAS_DIA_ICON_005">   
	<Type>TEXTURE_CUSTOM_SPRITE</Type>               
	<File>MOD_ROOT/dia_slp_lipo1a.png</File> 
</GameDBAsset>

<GameDBAsset ID="ASSET_PLAS_DIA_ICON_006">   
	<Type>TEXTURE_CUSTOM_SPRITE</Type>               
	<File>MOD_ROOT/dia_slp_lipo1b.png</File> 
</GameDBAsset>

<GameDBAsset ID="ASSET_PLAS_DIA_ICON_007">   
	<Type>TEXTURE_CUSTOM_SPRITE</Type>               
	<File>MOD_ROOT/dia_slp_nose1a.png</File> 
</GameDBAsset>

<GameDBAsset ID="ASSET_PLAS_DIA_ICON_008">   
	<Type>TEXTURE_CUSTOM_SPRITE</Type>               
	<File>MOD_ROOT/dia_slp_nose1b.png</File> 
</GameDBAsset>

<GameDBAsset ID="ASSET_PLAS_DIA_ICON_009">   
	<Type>TEXTURE_CUSTOM_SPRITE</Type>               
	<File>MOD_ROOT/dia_slp_eye1a.png</File> 
</GameDBAsset>

<GameDBAsset ID="ASSET_PLAS_DIA_ICON_010">   
	<Type>TEXTURE_CUSTOM_SPRITE</Type>               
	<File>MOD_ROOT/dia_slp_eye1b.png</File> 
</GameDBAsset>

<!-- 
### Symptoms ### 
This section handles adding my custom symptom icons to the game. -->
<GameDBAsset ID="ASSET_PLAS_SYM_ICON_001">   
	<Type>TEXTURE_CUSTOM_SPRITE</Type>               
	<File>MOD_ROOT/sym_slp_seroma1a.png</File> 
</GameDBAsset>

<GameDBAsset ID="ASSET_PLAS_SYM_ICON_002">   
	<Type>TEXTURE_CUSTOM_SPRITE</Type>               
	<File>MOD_ROOT/sym_slp_seroma1b.png</File> 
</GameDBAsset>

<GameDBAsset ID="ASSET_PLAS_SYM_ICON_003">   
	<Type>TEXTURE_CUSTOM_SPRITE</Type>               
	<File>MOD_ROOT/sym_sl_nervea.png</File> 
</GameDBAsset>

<GameDBAsset ID="ASSET_PLAS_SYM_ICON_004">   
	<Type>TEXTURE_CUSTOM_SPRITE</Type>               
	<File>MOD_ROOT/sym_sl_nerveb.png</File> 
</GameDBAsset>

<GameDBAsset ID="ASSET_PLAS_SYM_ICON_005">   
	<Type>TEXTURE_CUSTOM_SPRITE</Type>               
	<File>MOD_ROOT/sym_sl_aniflexa.png</File> 
</GameDBAsset>

<GameDBAsset ID="ASSET_PLAS_SYM_ICON_006">   
	<Type>TEXTURE_CUSTOM_SPRITE</Type>               
	<File>MOD_ROOT/sym_sl_aniflexb.png</File> 
</GameDBAsset>

<GameDBAsset ID="ASSET_PLAS_SYM_ICON_007">   
	<Type>TEXTURE_CUSTOM_SPRITE</Type>               
	<File>MOD_ROOT/sym_sl_undesiredresult1a.png</File> 
</GameDBAsset>

<GameDBAsset ID="ASSET_PLAS_SYM_ICON_008">   
	<Type>TEXTURE_CUSTOM_SPRITE</Type>               
	<File>MOD_ROOT/sym_sl_undesiredresult1b.png</File> 
</GameDBAsset>

<GameDBAsset ID="ASSET_PLAS_SYM_ICON_009">   
	<Type>TEXTURE_CUSTOM_SPRITE</Type>               
	<File>MOD_ROOT/sym_sl_mildAR1a.png</File> 
</GameDBAsset>

<GameDBAsset ID="ASSET_PLAS_SYM_ICON_010">   
	<Type>TEXTURE_CUSTOM_SPRITE</Type>               
	<File>MOD_ROOT/sym_sl_mildAR1b.png</File> 
</GameDBAsset>

<GameDBAsset ID="ASSET_PLAS_SYM_ICON_011">   
	<Type>TEXTURE_CUSTOM_SPRITE</Type>               
	<File>MOD_ROOT/sym_sl_postpain1a.png</File> 
</GameDBAsset>

<GameDBAsset ID="ASSET_PLAS_SYM_ICON_012">   
	<Type>TEXTURE_CUSTOM_SPRITE</Type>               
	<File>MOD_ROOT/sym_sl_postpain1b.png</File> 
</GameDBAsset>

<GameDBAsset ID="ASSET_PLAS_SYM_ICON_013">   
	<Type>TEXTURE_CUSTOM_SPRITE</Type>               
	<File>MOD_ROOT/sym_sl_scar1a.png</File> 
</GameDBAsset>

<GameDBAsset ID="ASSET_PLAS_SYM_ICON_014">   
	<Type>TEXTURE_CUSTOM_SPRITE</Type>               
	<File>MOD_ROOT/sym_sl_scar1b.png</File> 
</GameDBAsset>

<GameDBAsset ID="ASSET_PLAS_SYM_ICON_015">   
	<Type>TEXTURE_CUSTOM_SPRITE</Type>               
	<File>MOD_ROOT/sym_sl_scar2a.png</File> 
</GameDBAsset>

<GameDBAsset ID="ASSET_PLAS_SYM_ICON_016">   
	<Type>TEXTURE_CUSTOM_SPRITE</Type>               
	<File>MOD_ROOT/sym_sl_scar2b.png</File> 
</GameDBAsset>

<GameDBAsset ID="ASSET_PLAS_SYM_ICON_017">   
	<Type>TEXTURE_CUSTOM_SPRITE</Type>               
	<File>MOD_ROOT/sym_sl_breastpressure1a.png</File> 
</GameDBAsset>

<GameDBAsset ID="ASSET_PLAS_SYM_ICON_018">   
	<Type>TEXTURE_CUSTOM_SPRITE</Type>               
	<File>MOD_ROOT/sym_sl_breastpressure1b.png</File> 
</GameDBAsset>

<GameDBAsset ID="ASSET_PLAS_SYM_ICON_019">   
	<Type>TEXTURE_CUSTOM_SPRITE</Type>               
	<File>MOD_ROOT/sym_sl_breastinfc1a.png</File> 
</GameDBAsset>

<GameDBAsset ID="ASSET_PLAS_SYM_ICON_020">   
	<Type>TEXTURE_CUSTOM_SPRITE</Type>               
	<File>MOD_ROOT/sym_sl_breastinfc1b.png</File> 
</GameDBAsset>

<GameDBAsset ID="ASSET_PLAS_SYM_ICON_021">   
	<Type>TEXTURE_CUSTOM_SPRITE</Type>               
	<File>MOD_ROOT/sym_sl_infect1a.png</File> 
</GameDBAsset>

<GameDBAsset ID="ASSET_PLAS_SYM_ICON_022">   
	<Type>TEXTURE_CUSTOM_SPRITE</Type>               
	<File>MOD_ROOT/sym_sl_infect1b.png</File> 
</GameDBAsset>

<GameDBAsset ID="ASSET_PLAS_SYM_ICON_023">   
	<Type>TEXTURE_CUSTOM_SPRITE</Type>               
	<File>MOD_ROOT/sym_sl_breastex1a.png</File> 
</GameDBAsset>

<GameDBAsset ID="ASSET_PLAS_SYM_ICON_024">   
	<Type>TEXTURE_CUSTOM_SPRITE</Type>               
	<File>MOD_ROOT/sym_sl_breastex1b.png</File> 
</GameDBAsset>

<GameDBAsset ID="ASSET_PLAS_SYM_ICON_025">   
	<Type>TEXTURE_CUSTOM_SPRITE</Type>               
	<File>MOD_ROOT/sym_sl_fail1a.png</File> 
</GameDBAsset>

<GameDBAsset ID="ASSET_PLAS_SYM_ICON_026">   
	<Type>TEXTURE_CUSTOM_SPRITE</Type>               
	<File>MOD_ROOT/sym_sl_fail1b.png</File> 
</GameDBAsset>

<GameDBAsset ID="ASSET_PLAS_SYM_ICON_027">   
	<Type>TEXTURE_CUSTOM_SPRITE</Type>               
	<File>MOD_ROOT/sym_sl_pulmembo1a.png</File> 
</GameDBAsset>

<GameDBAsset ID="ASSET_PLAS_SYM_ICON_028">   
	<Type>TEXTURE_CUSTOM_SPRITE</Type>               
	<File>MOD_ROOT/sym_sl_pulmembo1b.png</File> 
</GameDBAsset>

<GameDBAsset ID="ASSET_PLAS_SYM_ICON_029">   
	<Type>TEXTURE_CUSTOM_SPRITE</Type>               
	<File>MOD_ROOT/sym_sl_skin1a.png</File> 
</GameDBAsset>

<GameDBAsset ID="ASSET_PLAS_SYM_ICON_030">   
	<Type>TEXTURE_CUSTOM_SPRITE</Type>               
	<File>MOD_ROOT/sym_sl_skin1b.png</File> 
</GameDBAsset>

<GameDBAsset ID="ASSET_PLAS_SYM_ICON_031">   
	<Type>TEXTURE_CUSTOM_SPRITE</Type>               
	<File>MOD_ROOT/sym_sl_posion1a.png</File> 
</GameDBAsset>

<GameDBAsset ID="ASSET_PLAS_SYM_ICON_032">   
	<Type>TEXTURE_CUSTOM_SPRITE</Type>               
	<File>MOD_ROOT/sym_sl_posion1b.png</File> 
</GameDBAsset>

<GameDBAsset ID="ASSET_PLAS_SYM_ICON_033">   
	<Type>TEXTURE_CUSTOM_SPRITE</Type>               
	<File>MOD_ROOT/sym_sl_posion1a.png</File> 
</GameDBAsset>

<GameDBAsset ID="ASSET_PLAS_SYM_ICON_034">   
	<Type>TEXTURE_CUSTOM_SPRITE</Type>               
	<File>MOD_ROOT/sym_sl_posion1b.png</File> 
</GameDBAsset>

<GameDBAsset ID="ASSET_PLAS_SYM_ICON_035">   
	<Type>TEXTURE_CUSTOM_SPRITE</Type>               
	<File>MOD_ROOT/sym_sl_nseptal1a.png</File> 
</GameDBAsset>

<GameDBAsset ID="ASSET_PLAS_SYM_ICON_036">   
	<Type>TEXTURE_CUSTOM_SPRITE</Type>               
	<File>MOD_ROOT/sym_sl_nseptal1b.png</File> 
</GameDBAsset>

<GameDBAsset ID="ASSET_PLAS_SYM_ICON_037">   
	<Type>TEXTURE_CUSTOM_SPRITE</Type>               
	<File>MOD_ROOT/sym_sl_blinking1a.png</File> 
</GameDBAsset>

<GameDBAsset ID="ASSET_PLAS_SYM_ICON_038">   
	<Type>TEXTURE_CUSTOM_SPRITE</Type>               
	<File>MOD_ROOT/sym_sl_blinking1b.png</File> 
</GameDBAsset>

<!-- 
### Threatment ###
This section handles adding my custom treatment icons to the game. -->
<GameDBAsset ID="ASSET_PLAS_TRT_ICON_001">   
	<Type>TEXTURE_CUSTOM_SPRITE</Type>               
	<File>MOD_ROOT/trt_slp_watchwait1a.png</File> 
</GameDBAsset>

<GameDBAsset ID="ASSET_PLAS_TRT_ICON_002">   
	<Type>TEXTURE_CUSTOM_SPRITE</Type>               
	<File>MOD_ROOT/trt_slp_watchwait1b.png</File> 
</GameDBAsset>

<GameDBAsset ID="ASSET_PLAS_TRT_ICON_003">   
	<Type>TEXTURE_CUSTOM_SPRITE</Type>               
	<File>MOD_ROOT/trt_sl_epipena.png</File> 
</GameDBAsset>

<GameDBAsset ID="ASSET_PLAS_TRT_ICON_004">   
	<Type>TEXTURE_CUSTOM_SPRITE</Type>               
	<File>MOD_ROOT/trt_sl_epipenb.png</File> 
</GameDBAsset>

<GameDBAsset ID="ASSET_PLAS_TRT_ICON_005">   
	<Type>TEXTURE_CUSTOM_SPRITE</Type>               
	<File>MOD_ROOT/trt_sl_p_pills1a.png</File> 
</GameDBAsset>

<GameDBAsset ID="ASSET_PLAS_TRT_ICON_006">   
	<Type>TEXTURE_CUSTOM_SPRITE</Type>               
	<File>MOD_ROOT/trt_sl_p_pills1b.png</File> 
</GameDBAsset>

<GameDBAsset ID="ASSET_PLAS_TRT_ICON_007">   
	<Type>TEXTURE_CUSTOM_SPRITE</Type>               
	<File>MOD_ROOT/trt_sl_ivbag_p1a.png</File> 
</GameDBAsset>

<GameDBAsset ID="ASSET_PLAS_TRT_ICON_008">   
	<Type>TEXTURE_CUSTOM_SPRITE</Type>               
	<File>MOD_ROOT/trt_sl_ivbag_p1b.png</File> 
</GameDBAsset>

<GameDBAsset ID="ASSET_PLAS_TRT_ICON_009">   
	<Type>TEXTURE_CUSTOM_SPRITE</Type>               
	<File>MOD_ROOT/trt_sl_compress1a.png</File> 
</GameDBAsset>

<GameDBAsset ID="ASSET_PLAS_TRT_ICON_010">   
	<Type>TEXTURE_CUSTOM_SPRITE</Type>               
	<File>MOD_ROOT/trt_sl_compress1b.png</File> 
</GameDBAsset>

<GameDBAsset ID="ASSET_PLAS_TRT_ICON_011">   
	<Type>TEXTURE_CUSTOM_SPRITE</Type>               
	<File>MOD_ROOT/trt_sl_botox1a.png</File> 
</GameDBAsset>

<GameDBAsset ID="ASSET_PLAS_TRT_ICON_012">   
	<Type>TEXTURE_CUSTOM_SPRITE</Type>               
	<File>MOD_ROOT/trt_sl_botox1b.png</File> 
</GameDBAsset>

<!-- 
### Surgery ###
This section handles adding my custom surgery icons to the game. -->
<!-- Breast Based Surgery -->
<GameDBAsset ID="ASSET_PLAS_SUR_ICON_001">   
	<Type>TEXTURE_CUSTOM_SPRITE</Type>               
	<File>MOD_ROOT/sur_slp_breast1a.png</File> 
</GameDBAsset>

<GameDBAsset ID="ASSET_PLAS_SUR_ICON_002">   
	<Type>TEXTURE_CUSTOM_SPRITE</Type>               
	<File>MOD_ROOT/sur_slp_breast1b.png</File> 
</GameDBAsset>

<GameDBAsset ID="ASSET_PLAS_SUR_ICON_003">   
	<Type>TEXTURE_CUSTOM_SPRITE</Type>               
	<File>MOD_ROOT/sur_slp_correct1a.png</File> 
</GameDBAsset>

<GameDBAsset ID="ASSET_PLAS_SUR_ICON_004">   
	<Type>TEXTURE_CUSTOM_SPRITE</Type>               
	<File>MOD_ROOT/sur_slp_correct1b.png</File> 
</GameDBAsset>

<GameDBAsset ID="ASSET_PLAS_SUR_ICON_005">   
	<Type>TEXTURE_CUSTOM_SPRITE</Type>               
	<File>MOD_ROOT/sur_slp_scar1a.png</File> 
</GameDBAsset>

<GameDBAsset ID="ASSET_PLAS_SUR_ICON_006">   
	<Type>TEXTURE_CUSTOM_SPRITE</Type>               
	<File>MOD_ROOT/sur_slp_scar1b.png</File> 
</GameDBAsset>

<GameDBAsset ID="ASSET_PLAS_SUR_ICON_007">   
	<Type>TEXTURE_CUSTOM_SPRITE</Type>               
	<File>MOD_ROOT/sur_slp_breast2a.png</File> 
</GameDBAsset>

<GameDBAsset ID="ASSET_PLAS_SUR_ICON_008">   
	<Type>TEXTURE_CUSTOM_SPRITE</Type>               
	<File>MOD_ROOT/sur_slp_breast2b.png</File> 
</GameDBAsset>

<GameDBAsset ID="ASSET_PLAS_SUR_ICON_009">   
	<Type>TEXTURE_CUSTOM_SPRITE</Type>               
	<File>MOD_ROOT/sur_slp_nose1a.png</File> 
</GameDBAsset>

<GameDBAsset ID="ASSET_PLAS_SUR_ICON_010">   
	<Type>TEXTURE_CUSTOM_SPRITE</Type>               
	<File>MOD_ROOT/sur_slp_nose1b.png</File> 
</GameDBAsset>


<!-- 
### Examinations ### 
This section handles adding my custom examination icons to the game. -->

</Database>