<Database>
	<!-- Plastic Surgery Mod by Sleepy068 -->
	<!-- TEMPLATE DIAGNOSIS (For Copy Paste, helps makes things a little faster without forgetting important aspects)
	<GameDBMedicalCondition ID="DIA_ONCO_AAAA">
	<AbbreviationLocID>DIA_ONCO_AAAA_DESC</AbbreviationLocID>
	<Duration>0</Duration>
	<OccurrenceRef>OCCURRENCE_SL_UNCOMMON</OccurrenceRef>
	<Symptoms>
        <GameDBSymptomRules>
            <ProbabilityPercent>100</ProbabilityPercent>
            <GameDBSymptomRef>MAINSYMPTOM</GameDBSymptomRef>
        </GameDBSymptomRules>
		
		<GameDBSymptomRules>
            <ProbabilityPercent>80</ProbabilityPercent>
            <GameDBSymptomRef>SUBSYMPTOM</GameDBSymptomRef>
        </GameDBSymptomRules>
		
		<GameDBSymptomRules>
            <ProbabilityPercent>80</ProbabilityPercent>
            <GameDBSymptomRef>SUBSYMPTOM</GameDBSymptomRef>
        </GameDBSymptomRules>
    </Symptoms>
	
    <Examinations>
        <ExaminationRef>EXM_INTERVIEW</ExaminationRef>
		<ExaminationRef>EXM_PHYSICAL_AND_VISUAL_EXAMINATION</ExaminationRef>
		<ExaminationRef>EXM_DIFFERENTIAL_DIAGNOSIS</ExaminationRef>		
    </Examinations>
		
    <Treatments>
		<TreatmentRef>TRT_HOSPITALIZATION_NORMAL</TreatmentRef>
    </Treatments>
		
    <DepartmentRef>DPT_ONCOLOGY</DepartmentRef>
    <InsurancePayment>0</InsurancePayment>
		
	<IconIndex>1</IconIndex>
	
	<CustomIconBigAssetRef>ASSET_ONC_SYM_ICON_017</CustomIconBigAssetRef>
    <CustomIconSmallAssetRef>ASSET_ONC_SYM_ICON_018</CustomIconSmallAssetRef>
		
    <Tags>
        <Tag>disease</Tag>
    </Tags>
    </GameDBMedicalCondition>
	-->
	
	<!-- =============================================================================== -->
	<!-- ==================================== Cosmetic ================================= -->
	<!-- =============================================================================== -->
	<!-- Cosmetic 'Diagnosis' are made rarer to help prevent them been too common as they have, accurately, quite high payouts. -->
	
	<!-- Breast Augmentation - Cosmetic (Breast Job) -->
	<GameDBMedicalCondition ID="DIA_PLAS_C_BREAST_01">
	<AbbreviationLocID>DIA_PLAS_C_BREAST_01_DESC</AbbreviationLocID>
	<Duration>0</Duration>
	<OccurrenceRef>OCCURRENCE_SL_VERYRARE</OccurrenceRef>
	<MatchingGenderRef>GENDER_FEMALE</MatchingGenderRef>
	
	<Symptoms>
        <GameDBSymptomRules>
            <ProbabilityPercent>100</ProbabilityPercent>
            <GameDBSymptomRef>SYM_PLAS_C001</GameDBSymptomRef>
        </GameDBSymptomRules>
    </Symptoms>
	
    <Examinations>
        <ExaminationRef>EXM_INTERVIEW</ExaminationRef>
		<ExaminationRef>EXM_DIFFERENTIAL_DIAGNOSIS</ExaminationRef>		
    </Examinations>
		
    <Treatments>
		<TreatmentRef>TRT_HOSPITALIZATION_HIGH_PRIORITY</TreatmentRef>
		<TreatmentRef>TRT_SLP_AUGMENTATION_MAMMOPLASTY</TreatmentRef>
    </Treatments>
		
    <DepartmentRef>DPT_PLASTICS</DepartmentRef>
    <InsurancePayment>3860</InsurancePayment>
		
	<IconIndex>1</IconIndex>
	
	<CustomIconBigAssetRef>ASSET_PLAS_DIA_ICON_001</CustomIconBigAssetRef>
    <CustomIconSmallAssetRef>ASSET_PLAS_DIA_ICON_002</CustomIconSmallAssetRef>
		
    <Tags>
        <Tag>disease</Tag>
    </Tags>
    </GameDBMedicalCondition>
	
	<!-- Breast Reduction - Cosmetic  -->
		<!-- ASSET_PLAS_DIA_ICON_003 ASSET_PLAS_DIA_ICON_004 -->
	
	<!-- Mastopexy - Cosmetic (Breast Lift) -->
	
	<!-- Botulinum Toxin Therapy - Cosmetic (Skin Conditioning) -->
	
	<!-- Dermal Fillers - Cosmetic (Skin Conditioning) -->
	
	<!-- Augmentation Rhinoplasty - Cosmetic (Nose Job) -->
	<GameDBMedicalCondition ID="DIA_PLAS_C_NOSE_01">
	<AbbreviationLocID>DIA_PLAS_C_NOSE_01_DESC</AbbreviationLocID>
	<Duration>0</Duration>
	<OccurrenceRef>OCCURRENCE_SL_VERYRARE</OccurrenceRef>
	
	<Symptoms>
        <GameDBSymptomRules>
            <ProbabilityPercent>100</ProbabilityPercent>
            <GameDBSymptomRef>SYM_PLAS_C003</GameDBSymptomRef>
        </GameDBSymptomRules>
    </Symptoms>
	
    <Examinations>
        <ExaminationRef>EXM_INTERVIEW</ExaminationRef>
		<ExaminationRef>EXM_DIFFERENTIAL_DIAGNOSIS</ExaminationRef>		
    </Examinations>
		
    <Treatments>
		<TreatmentRef>TRT_HOSPITALIZATION_HIGH_PRIORITY</TreatmentRef>
		<TreatmentRef>TRT_SLP_RHINOPLASTY</TreatmentRef>
    </Treatments>
		
    <DepartmentRef>DPT_PLASTICS</DepartmentRef>
    <InsurancePayment>4010</InsurancePayment>
		
	<IconIndex>1</IconIndex>
	
	<CustomIconBigAssetRef>ASSET_PLAS_DIA_ICON_007</CustomIconBigAssetRef>
    <CustomIconSmallAssetRef>ASSET_PLAS_DIA_ICON_008</CustomIconSmallAssetRef>
		
    <Tags>
        <Tag>disease</Tag>
    </Tags>
    </GameDBMedicalCondition>
	
	<!-- Refinement Rhinoplasty - Cosmetic (Nose Job) -->
	
	<!-- Septoplasty - Cosmetic (Nose Job) -->
	
	<!-- Liposuction - Cosmetic  -->
	<GameDBMedicalCondition ID="DIA_PLAS_C_STOMACH_01">
	<AbbreviationLocID>DIA_PLAS_C_STOMACH_01_DESC</AbbreviationLocID>
	<Duration>0</Duration>
	<OccurrenceRef>OCCURRENCE_SL_VERYRARE</OccurrenceRef>
	
	<Symptoms>
        <GameDBSymptomRules>
            <ProbabilityPercent>100</ProbabilityPercent>
            <GameDBSymptomRef>SYM_PLAS_C002</GameDBSymptomRef>
        </GameDBSymptomRules>
    </Symptoms>
	
    <Examinations>
        <ExaminationRef>EXM_INTERVIEW</ExaminationRef>
		<ExaminationRef>EXM_DIFFERENTIAL_DIAGNOSIS</ExaminationRef>		
    </Examinations>
		
    <Treatments>
		<TreatmentRef>TRT_HOSPITALIZATION_NORMAL</TreatmentRef>
		<TreatmentRef>TRT_SLP_SAL</TreatmentRef>
    </Treatments>
		
    <DepartmentRef>DPT_PLASTICS</DepartmentRef>
    <InsurancePayment>2450</InsurancePayment>
		
	<IconIndex>1</IconIndex>
	
	<CustomIconBigAssetRef>ASSET_PLAS_DIA_ICON_005</CustomIconBigAssetRef>
    <CustomIconSmallAssetRef>ASSET_PLAS_DIA_ICON_006</CustomIconSmallAssetRef>
		
    <Tags>
        <Tag>disease</Tag>
    </Tags>
    </GameDBMedicalCondition>
	
	<!-- Blepharoplasty - Cosmetic -->
	
	<!-- Abdominoplasty - Cosmetic (Tummy Tuck) -->
	
	<!-- Rhytidectomy - Cosmetic (Face Lift) -->
	
	<!-- Forehead Lift - Cosmetic -->
	
	<!-- Brow Lift - Cosmetic -->
	
	<!-- Gynecomastia Treatment - Cosmetic (Male Breast Reduction) -->
	
	<!-- Dermabrasion - Cosmetic (Skin Resurfacing)-->
	
	
	<!-- ===================================================================================== -->
	<!-- ==================================== Reconstructive ================================= -->
	<!-- ===================================================================================== -->
	
	<!-- Blepharospam (Mild) -->
	<GameDBMedicalCondition ID="DIA_PLAS_R_EYE_01">
	<AbbreviationLocID>DIA_PLAS_R_EYE_01_DESC</AbbreviationLocID>
	<Duration>0</Duration>
	<OccurrenceRef>OCCURRENCE_SL_UNIQUE</OccurrenceRef>
	
	<Symptoms>
        <GameDBSymptomRules>
            <ProbabilityPercent>100</ProbabilityPercent>
            <GameDBSymptomRef>SYM_PLAS_R001</GameDBSymptomRef>
        </GameDBSymptomRules>
		<GameDBSymptomRules>
            <ProbabilityPercent>80</ProbabilityPercent>
            <GameDBSymptomRef>SYM_FATIGUE</GameDBSymptomRef>
        </GameDBSymptomRules>
		<GameDBSymptomRules>
            <ProbabilityPercent>80</ProbabilityPercent>
            <GameDBSymptomRef>SYM_PHOTOPHOBIA</GameDBSymptomRef>
        </GameDBSymptomRules>
		<GameDBSymptomRules>
            <ProbabilityPercent>60</ProbabilityPercent>
            <GameDBSymptomRef>SYM_WATERY_EYES</GameDBSymptomRef>
        </GameDBSymptomRules>
		<GameDBSymptomRules>
            <ProbabilityPercent>90</ProbabilityPercent>
            <GameDBSymptomRef>SYM_CRP_RAPID_BLINKING</GameDBSymptomRef>
        </GameDBSymptomRules>
    </Symptoms>
	
    <Examinations>
        <ExaminationRef>EXM_INTERVIEW</ExaminationRef>
		<ExaminationRef>EXM_PHYSICAL_AND_VISUAL_EXAMINATION</ExaminationRef>
		<ExaminationRef>EXM_NEUROLOGICAL_TESTING</ExaminationRef>
		<ExaminationRef>EXM_EVALUATION</ExaminationRef>
		<ExaminationRef>EXM_DIFFERENTIAL_DIAGNOSIS</ExaminationRef>		
    </Examinations>
		
    <Treatments>
		<TreatmentRef>TRT_REST</TreatmentRef>
		<TreatmentRef>TRT_DOCTOR'S_RECOMMENDATIONS</TreatmentRef>
		<TreatmentRef>TRT_EYE_DROPS</TreatmentRef>
		<TreatmentRef>TRT_CRP_BOTOX</TreatmentRef>
    </Treatments>
		
    <DepartmentRef>DPT_PLASTICS</DepartmentRef>
    <InsurancePayment>340</InsurancePayment>
		
	<IconIndex>1</IconIndex>
	
	<CustomIconBigAssetRef>ASSET_PLAS_DIA_ICON_009</CustomIconBigAssetRef>
    <CustomIconSmallAssetRef>ASSET_PLAS_DIA_ICON_010</CustomIconSmallAssetRef>
		
    <Tags>
        <Tag>disease</Tag>
		<Tag>clinic</Tag>
    </Tags>
    </GameDBMedicalCondition>
	
	<!-- Blepharospam (Severe) -->
	<!-- Myectomy -->
	<!-- Facial Spasms, SYM_EYE_PAIN -->
	
	<!-- Strabismus -->
	
	<!-- Dupuytren’s Disease -->
	
	<!-- Trigger Finger -->
	
	<!-- Thumb Arthritis -->
	
	<!-- Post-Traumatic Rhinoplasty -->
	
	<!-- Reconstructive Rhinoplasty -->
	
	<!-- Revision Rhinoplasty -->
	
	<!-- Deviated Septum-->
	
	<!-- Blepharoplasty - Reconstructive (Vision Issues) -->
	
	<!-- Chronic Breast Pain (From Previous Surgery) -->
	
	<!-- Breast Implant Rupture (Replacement) -->
		<!-- Corrective Breast Surgery -->
		<!-- silicone granulomas -->
			
	<!-- Breast Implant Rupture (Removal) -->
		<!-- Corrective Breast Surgery -->
		<!-- silicone granulomas -->
			
</Database>