﻿<Database>
	<!-- Plastic Surgery Mod by Sleepy068 -->
	<!-- TRT_HOSPITALIZATION_NORMAL -->
	<!-- TRT_HOSPITALIZATION_HIGH_PRIORITY -->
	<!-- Cosmetic Surgeries -->
	
	<!-- Augmentation Mammoplasty -->
	<GameDBTreatment ID="TRT_SLP_AUGMENTATION_MAMMOPLASTY">
        <AbbreviationLocID>TRT_SLP_AUGMENTATION_MAMMOPLASTY_DESC</AbbreviationLocID>
        <DiscomfortLevel>Medium</DiscomfortLevel>
        <Procedure>
            <StaffSelectionRules>DEFAULT_ROOMS</StaffSelectionRules>
            <RequiredSkillsToPrescribe>
                <SkillRef>SKILL_DOC_SPEC_PLAS</SkillRef>
            </RequiredSkillsToPrescribe>

            <RequiredDoctorQualificationList>
                <SkillRef>SKILL_DOC_SPEC_PLAS_SURGERY</SkillRef>
                <SkillRef>SKILL_DOC_SPEC_ANESTHESIOLOGY</SkillRef>

                <!-- needs to be last so the anesthesiologist doesn't get selected as assistant-->
                <SkillRef>SKILL_DOC_SPEC_PLAS</SkillRef>
            </RequiredDoctorQualificationList>

            <RequiredDoctorRoles>
                <RoleRef>EMPL_ROLE_SURGERY</RoleRef>
                <RoleRef>EMPL_ROLE_SURGERY_ANESTHESIOLOGY</RoleRef>
                <RoleRef>EMPL_ROLE_SURGERY_ASSIST</RoleRef>
            </RequiredDoctorRoles>
			
			<FallbackDoctorDepartments>
                <DepartmentRef>DPT_DEFAULT</DepartmentRef>
                <DepartmentRef>DPT_ICU</DepartmentRef>
                <DepartmentRef>DPT_DEFAULT</DepartmentRef>
            </FallbackDoctorDepartments>

            <RequiredNurseQualificationList>
                <SkillRef>SKILL_NURSE_SPEC_MEDICAL_SURGERY</SkillRef>
                <SkillRef>SKILL_NURSE_SPEC_MEDICAL_SURGERY</SkillRef>
            </RequiredNurseQualificationList>

            <RequiredNurseRoles>
                <RoleRef>EMPL_ROLE_SURGERY_NURSE</RoleRef>
                <RoleRef>EMPL_ROLE_SURGERY_NURSE</RoleRef>
            </RequiredNurseRoles>

            <RequiredRoomTags>
                <Tag>operating_room</Tag>
            </RequiredRoomTags>

            <BedPositionsStaff>
                <MainSurgeonPosition>BODY_LEFT</MainSurgeonPosition>
                <SurgeonAsistantPosition>BODY_RIGHT</SurgeonAsistantPosition>
                <AnesthesiologistPosition>NONE</AnesthesiologistPosition>
                <SurgeryNursePosition>FEET_LEFT</SurgeryNursePosition>
                <AssistantNursePosition>FEET_RIGHT</AssistantNursePosition>
            </BedPositionsStaff>

            <Complications>
                <Complication>
                    <SymptomRef>SYM_PLAS_ABSCESS</SymptomRef>
                    <ProbabilityPercent>12</ProbabilityPercent>
                    <ProbabilityPercentMaxSkillLevel>2</ProbabilityPercentMaxSkillLevel>
                </Complication>
                <Complication>
                    <SymptomRef>SYM_WOUND_INFECTION</SymptomRef>
                    <ProbabilityPercent>12</ProbabilityPercent>
                    <ProbabilityPercentMaxSkillLevel>2</ProbabilityPercentMaxSkillLevel>
                </Complication>
				<Complication>
                    <SymptomRef>SYM_BLEEDING_FROM_THE_WOUND</SymptomRef>
                    <ProbabilityPercent>16</ProbabilityPercent>
                    <ProbabilityPercentMaxSkillLevel>3</ProbabilityPercentMaxSkillLevel>
                </Complication>
				<Complication>
                    <SymptomRef>SYM_CRP_ANAPHYLACTIC_SHOCK</SymptomRef>
                    <ProbabilityPercent>1</ProbabilityPercent>
                    <ProbabilityPercentMaxSkillLevel>1</ProbabilityPercentMaxSkillLevel>
                </Complication>
				<Complication>
                    <SymptomRef>SYM_CRP_MILD_AR</SymptomRef>
                    <ProbabilityPercent>5</ProbabilityPercent>
                    <ProbabilityPercentMaxSkillLevel>2</ProbabilityPercentMaxSkillLevel>
                </Complication>
				<Complication>
                    <SymptomRef>SYM_CRP_SEROMA</SymptomRef>
                    <ProbabilityPercent>32</ProbabilityPercent>
                    <ProbabilityPercentMaxSkillLevel>10</ProbabilityPercentMaxSkillLevel>
                </Complication>
				<Complication>
                    <SymptomRef>SYM_SLP_PLAS_NERVE_DAMAGE</SymptomRef>
                    <ProbabilityPercent>5</ProbabilityPercent>
                    <ProbabilityPercentMaxSkillLevel>1</ProbabilityPercentMaxSkillLevel>
                </Complication>
				<Complication>
                    <SymptomRef>SYM_CRP_POSTOP_PAIN</SymptomRef>
                    <ProbabilityPercent>20</ProbabilityPercent>
                    <ProbabilityPercentMaxSkillLevel>5</ProbabilityPercentMaxSkillLevel>
                </Complication>
				<Complication>
                    <SymptomRef>SYM_CRP_M_SCAR_TISSUE</SymptomRef>
                    <ProbabilityPercent>20</ProbabilityPercent>
                    <ProbabilityPercentMaxSkillLevel>5</ProbabilityPercentMaxSkillLevel>
                </Complication>
				<Complication>
                    <SymptomRef>SYM_SLP_S_SCAR_TISSUE</SymptomRef> <!-- 10 -->
                    <ProbabilityPercent>6</ProbabilityPercent>
                    <ProbabilityPercentMaxSkillLevel>2</ProbabilityPercentMaxSkillLevel>
                </Complication>
				<Complication>
                    <SymptomRef>SYM_SLP_UNDESIRED_RESULTS</SymptomRef>
                    <ProbabilityPercent>3</ProbabilityPercent>
                    <ProbabilityPercentMaxSkillLevel>1</ProbabilityPercentMaxSkillLevel>
                </Complication>
				<Complication>
                    <SymptomRef>SYM_SLP_B_CAPSULAR</SymptomRef>
                    <ProbabilityPercent>5</ProbabilityPercent>
                    <ProbabilityPercentMaxSkillLevel>1</ProbabilityPercentMaxSkillLevel>
                </Complication>
				<Complication>
                    <SymptomRef>SYM_SLP_BARSA_INFECTION</SymptomRef>
                    <ProbabilityPercent>3</ProbabilityPercent>
                    <ProbabilityPercentMaxSkillLevel>1</ProbabilityPercentMaxSkillLevel>
                </Complication>
				<Complication>
                    <SymptomRef>SYM_CRP_LI_LOCALPOISIONING</SymptomRef>
                    <ProbabilityPercent>7</ProbabilityPercent>
                    <ProbabilityPercentMaxSkillLevel>2</ProbabilityPercentMaxSkillLevel>
                </Complication>
            </Complications>

            <RequiredEquipmentList>
                <RequiredEquipment>
                    <Tag>operating_table_head</Tag><!--0-->
                </RequiredEquipment>
                <RequiredEquipment>
                    <Tag>operating_table_legs</Tag><!--1-->
                </RequiredEquipment>
                <RequiredEquipment>
                    <Tag>scrubbing_sink</Tag><!--2-->
                </RequiredEquipment>
                <RequiredEquipment>
                    <Tag>scrubbing_sink</Tag><!--3-->
                </RequiredEquipment>
                <RequiredEquipment>
                    <Tag>scrubbing_sink</Tag><!--4-->
                </RequiredEquipment>
                <RequiredEquipment>
                    <Tag>scrubs_shelf</Tag><!--5-->
                </RequiredEquipment>
                <RequiredEquipment>
                    <Tag>scrubs_shelf</Tag><!--6-->
                </RequiredEquipment>
                <RequiredEquipment>
                    <Tag>scrubs_shelf</Tag><!--7-->
                </RequiredEquipment>
                <RequiredEquipment>
                    <Tag>warming_cabinet</Tag><!--8-->
                </RequiredEquipment>
                <RequiredEquipment>
                    <Tag>doc_equipment</Tag><!--9-->
                </RequiredEquipment>
                <RequiredEquipment>
                    <Tag>surgery_instruments</Tag><!--10-->
                </RequiredEquipment>
                <RequiredEquipment>
                    <Tag>electrocautery_machine</Tag><!--11-->
                </RequiredEquipment>
                <RequiredEquipment>
                    <Tag>stool</Tag><!--12-->
                </RequiredEquipment>
                <RequiredEquipment>
                    <Tag>anesthetic_machine</Tag><!--13-->
                </RequiredEquipment>
                <RequiredEquipment>
                    <Tag>defibrillator</Tag><!--14-->
                </RequiredEquipment>
                <RequiredEquipment>
                    <Tag>succion_machine</Tag><!--15-->
                </RequiredEquipment>
            </RequiredEquipmentList>

            <ProcedureScript>ProcedureScriptTreatmentSurgery</ProcedureScript>
            <SpeechBubbleRef>BUBBLE_PLACEHOLDER</SpeechBubbleRef>
            <EquipmentFromAnyDepartment>true</EquipmentFromAnyDepartment>
        </Procedure>
        <TreatmentType>SURGERY</TreatmentType>
        <Cost>100</Cost>
        <IconIndex>1945</IconIndex>
        <HospitalizationTreatmentRef>TRT_HOSPITALIZATION_HIGH_PRIORITY</HospitalizationTreatmentRef>
		
		<CustomIconBigAssetRef>ASSET_PLAS_SUR_ICON_001</CustomIconBigAssetRef>
        <CustomIconSmallAssetRef>ASSET_PLAS_SUR_ICON_002</CustomIconSmallAssetRef>

    </GameDBTreatment>
    
	<!-- Corrective Surgery -->
	<GameDBTreatment ID="TRT_SLP_CORRECTIVE_SURGERY">
        <AbbreviationLocID>TRT_SLP_CORRECTIVE_SURGERY_DESC</AbbreviationLocID>
        <DiscomfortLevel>Medium</DiscomfortLevel>
        <Procedure>
            <StaffSelectionRules>DEFAULT_ROOMS</StaffSelectionRules>
            <RequiredSkillsToPrescribe>
                <SkillRef>SKILL_DOC_SPEC_PLAS</SkillRef>
            </RequiredSkillsToPrescribe>

            <RequiredDoctorQualificationList>
                <SkillRef>SKILL_DOC_SPEC_PLAS_SURGERY</SkillRef>
                <SkillRef>SKILL_DOC_SPEC_ANESTHESIOLOGY</SkillRef>

                <!-- needs to be last so the anesthesiologist doesn't get selected as assistant-->
                <SkillRef>SKILL_DOC_SPEC_PLAS</SkillRef>
            </RequiredDoctorQualificationList>

            <RequiredDoctorRoles>
                <RoleRef>EMPL_ROLE_SURGERY</RoleRef>
                <RoleRef>EMPL_ROLE_SURGERY_ANESTHESIOLOGY</RoleRef>
                <RoleRef>EMPL_ROLE_SURGERY_ASSIST</RoleRef>
            </RequiredDoctorRoles>
			
			<FallbackDoctorDepartments>
                <DepartmentRef>DPT_DEFAULT</DepartmentRef>
                <DepartmentRef>DPT_ICU</DepartmentRef>
                <DepartmentRef>DPT_DEFAULT</DepartmentRef>
            </FallbackDoctorDepartments>

            <RequiredNurseQualificationList>
                <SkillRef>SKILL_NURSE_SPEC_MEDICAL_SURGERY</SkillRef>
                <SkillRef>SKILL_NURSE_SPEC_MEDICAL_SURGERY</SkillRef>
            </RequiredNurseQualificationList>

            <RequiredNurseRoles>
                <RoleRef>EMPL_ROLE_SURGERY_NURSE</RoleRef>
                <RoleRef>EMPL_ROLE_SURGERY_NURSE</RoleRef>
            </RequiredNurseRoles>

            <RequiredRoomTags>
                <Tag>operating_room</Tag>
            </RequiredRoomTags>

            <BedPositionsStaff>
                <MainSurgeonPosition>BODY_LEFT</MainSurgeonPosition>
                <SurgeonAsistantPosition>BODY_RIGHT</SurgeonAsistantPosition>
                <AnesthesiologistPosition>NONE</AnesthesiologistPosition>
                <SurgeryNursePosition>FEET_LEFT</SurgeryNursePosition>
                <AssistantNursePosition>FEET_RIGHT</AssistantNursePosition>
            </BedPositionsStaff>

            <Complications>
                <Complication>
                    <SymptomRef>SYM_PLAS_ABSCESS</SymptomRef>
                    <ProbabilityPercent>10</ProbabilityPercent>
                    <ProbabilityPercentMaxSkillLevel>2</ProbabilityPercentMaxSkillLevel>
                </Complication>
                <Complication>
                    <SymptomRef>SYM_WOUND_INFECTION</SymptomRef>
                    <ProbabilityPercent>10</ProbabilityPercent>
                    <ProbabilityPercentMaxSkillLevel>2</ProbabilityPercentMaxSkillLevel>
                </Complication>
				<Complication>
                    <SymptomRef>SYM_BLEEDING_FROM_THE_WOUND</SymptomRef>
                    <ProbabilityPercent>12</ProbabilityPercent>
                    <ProbabilityPercentMaxSkillLevel>3</ProbabilityPercentMaxSkillLevel>
                </Complication>
				<Complication>
                    <SymptomRef>SYM_CRP_ANAPHYLACTIC_SHOCK</SymptomRef>
                    <ProbabilityPercent>1</ProbabilityPercent>
                    <ProbabilityPercentMaxSkillLevel>1</ProbabilityPercentMaxSkillLevel>
                </Complication>
				<Complication>
                    <SymptomRef>SYM_CRP_MILD_AR</SymptomRef>
                    <ProbabilityPercent>5</ProbabilityPercent>
                    <ProbabilityPercentMaxSkillLevel>2</ProbabilityPercentMaxSkillLevel>
                </Complication>
				<Complication>
                    <SymptomRef>SYM_CRP_POSTOP_PAIN</SymptomRef>
                    <ProbabilityPercent>20</ProbabilityPercent>
                    <ProbabilityPercentMaxSkillLevel>5</ProbabilityPercentMaxSkillLevel>
                </Complication>
            </Complications>

            <RequiredEquipmentList>
                <RequiredEquipment>
                    <Tag>operating_table_head</Tag><!--0-->
                </RequiredEquipment>
                <RequiredEquipment>
                    <Tag>operating_table_legs</Tag><!--1-->
                </RequiredEquipment>
                <RequiredEquipment>
                    <Tag>scrubbing_sink</Tag><!--2-->
                </RequiredEquipment>
                <RequiredEquipment>
                    <Tag>scrubbing_sink</Tag><!--3-->
                </RequiredEquipment>
                <RequiredEquipment>
                    <Tag>scrubbing_sink</Tag><!--4-->
                </RequiredEquipment>
                <RequiredEquipment>
                    <Tag>scrubs_shelf</Tag><!--5-->
                </RequiredEquipment>
                <RequiredEquipment>
                    <Tag>scrubs_shelf</Tag><!--6-->
                </RequiredEquipment>
                <RequiredEquipment>
                    <Tag>scrubs_shelf</Tag><!--7-->
                </RequiredEquipment>
                <RequiredEquipment>
                    <Tag>warming_cabinet</Tag><!--8-->
                </RequiredEquipment>
                <RequiredEquipment>
                    <Tag>doc_equipment</Tag><!--9-->
                </RequiredEquipment>
                <RequiredEquipment>
                    <Tag>surgery_instruments</Tag><!--10-->
                </RequiredEquipment>
                <RequiredEquipment>
                    <Tag>electrocautery_machine</Tag><!--11-->
                </RequiredEquipment>
                <RequiredEquipment>
                    <Tag>stool</Tag><!--12-->
                </RequiredEquipment>
                <RequiredEquipment>
                    <Tag>anesthetic_machine</Tag><!--13-->
                </RequiredEquipment>
                <RequiredEquipment>
                    <Tag>defibrillator</Tag><!--14-->
                </RequiredEquipment>
                <RequiredEquipment>
                    <Tag>succion_machine</Tag><!--15-->
                </RequiredEquipment>
            </RequiredEquipmentList>

            <ProcedureScript>ProcedureScriptTreatmentSurgery</ProcedureScript>
            <SpeechBubbleRef>BUBBLE_PLACEHOLDER</SpeechBubbleRef>
            <EquipmentFromAnyDepartment>true</EquipmentFromAnyDepartment>
        </Procedure>
        <TreatmentType>SURGERY</TreatmentType>
        <Cost>100</Cost>
        <IconIndex>1945</IconIndex>
        <HospitalizationTreatmentRef>TRT_HOSPITALIZATION_HIGH_PRIORITY</HospitalizationTreatmentRef>
		
		<CustomIconBigAssetRef>ASSET_PLAS_SUR_ICON_003</CustomIconBigAssetRef>
        <CustomIconSmallAssetRef>ASSET_PLAS_SUR_ICON_004</CustomIconSmallAssetRef>

    </GameDBTreatment>
    
	<!-- Suction Assisted Lipectomy (SAL)  -->
	<GameDBTreatment ID="TRT_SLP_SAL">
        <AbbreviationLocID>TRT_SLP_SAL_DESC</AbbreviationLocID>
        <DiscomfortLevel>High</DiscomfortLevel>
        <Procedure>
            <StaffSelectionRules>DEFAULT_ROOMS</StaffSelectionRules>
            <RequiredSkillsToPrescribe>
                <SkillRef>SKILL_DOC_SPEC_PLAS</SkillRef>
            </RequiredSkillsToPrescribe>

            <RequiredDoctorQualificationList>
                <SkillRef>SKILL_DOC_SPEC_PLAS_SURGERY</SkillRef>
                <SkillRef>SKILL_DOC_SPEC_ANESTHESIOLOGY</SkillRef>

                <!-- needs to be last so the anesthesiologist doesn't get selected as assistant-->
                <SkillRef>SKILL_DOC_SPEC_PLAS</SkillRef>
            </RequiredDoctorQualificationList>

            <RequiredDoctorRoles>
                <RoleRef>EMPL_ROLE_SURGERY</RoleRef>
                <RoleRef>EMPL_ROLE_SURGERY_ANESTHESIOLOGY</RoleRef>
                <RoleRef>EMPL_ROLE_SURGERY_ASSIST</RoleRef>
            </RequiredDoctorRoles>
			
			<FallbackDoctorDepartments>
                <DepartmentRef>DPT_DEFAULT</DepartmentRef>
                <DepartmentRef>DPT_ICU</DepartmentRef>
                <DepartmentRef>DPT_DEFAULT</DepartmentRef>
            </FallbackDoctorDepartments>

            <RequiredNurseQualificationList>
                <SkillRef>SKILL_NURSE_SPEC_MEDICAL_SURGERY</SkillRef>
                <SkillRef>SKILL_NURSE_SPEC_MEDICAL_SURGERY</SkillRef>
            </RequiredNurseQualificationList>

            <RequiredNurseRoles>
                <RoleRef>EMPL_ROLE_SURGERY_NURSE</RoleRef>
                <RoleRef>EMPL_ROLE_SURGERY_NURSE</RoleRef>
            </RequiredNurseRoles>

            <RequiredRoomTags>
                <Tag>operating_room</Tag>
            </RequiredRoomTags>

            <BedPositionsStaff>
                <MainSurgeonPosition>BODY_LEFT</MainSurgeonPosition>
                <SurgeonAsistantPosition>BODY_RIGHT</SurgeonAsistantPosition>
                <AnesthesiologistPosition>NONE</AnesthesiologistPosition>
                <SurgeryNursePosition>FEET_LEFT</SurgeryNursePosition>
                <AssistantNursePosition>FEET_RIGHT</AssistantNursePosition>
            </BedPositionsStaff>

            <Complications>
                <Complication>
                    <SymptomRef>SYM_PLAS_ABSCESS</SymptomRef>
                    <ProbabilityPercent>10</ProbabilityPercent>
                    <ProbabilityPercentMaxSkillLevel>2</ProbabilityPercentMaxSkillLevel>
                </Complication>
                <Complication>
                    <SymptomRef>SYM_WOUND_INFECTION</SymptomRef>
                    <ProbabilityPercent>18</ProbabilityPercent>
                    <ProbabilityPercentMaxSkillLevel>2</ProbabilityPercentMaxSkillLevel>
                </Complication>
				<Complication>
                    <SymptomRef>SYM_BLEEDING_FROM_THE_WOUND</SymptomRef>
                    <ProbabilityPercent>8</ProbabilityPercent>
                    <ProbabilityPercentMaxSkillLevel>3</ProbabilityPercentMaxSkillLevel>
                </Complication>
				<Complication>
                    <SymptomRef>SYM_CRP_ANAPHYLACTIC_SHOCK</SymptomRef>
                    <ProbabilityPercent>1</ProbabilityPercent>
                    <ProbabilityPercentMaxSkillLevel>1</ProbabilityPercentMaxSkillLevel>
                </Complication>
				<Complication>
                    <SymptomRef>SYM_CRP_MILD_AR</SymptomRef>
                    <ProbabilityPercent>5</ProbabilityPercent>
                    <ProbabilityPercentMaxSkillLevel>2</ProbabilityPercentMaxSkillLevel>
                </Complication>
				<Complication>
                    <SymptomRef>SYM_CRP_POSTOP_PAIN</SymptomRef>
                    <ProbabilityPercent>20</ProbabilityPercent>
                    <ProbabilityPercentMaxSkillLevel>5</ProbabilityPercentMaxSkillLevel>
                </Complication>
				<Complication>
                    <SymptomRef>SYM_HYPOVOLEMIC_SHOCK</SymptomRef>
                    <ProbabilityPercent>2</ProbabilityPercent>
                    <ProbabilityPercentMaxSkillLevel>1</ProbabilityPercentMaxSkillLevel>
                </Complication>
				<Complication>
                    <SymptomRef>SYM_CRP_PLEURAL_EFFUSION</SymptomRef>
                    <ProbabilityPercent>5</ProbabilityPercent>
                    <ProbabilityPercentMaxSkillLevel>1</ProbabilityPercentMaxSkillLevel>
                </Complication>
				<Complication>
                    <SymptomRef>SYM_CRP_ASCITES</SymptomRef>
                    <ProbabilityPercent>5</ProbabilityPercent>
                    <ProbabilityPercentMaxSkillLevel>1</ProbabilityPercentMaxSkillLevel>
                </Complication>
				<Complication>
                    <SymptomRef>SYM_NUMBNESS</SymptomRef> <!-- 10 -->
                    <ProbabilityPercent>10</ProbabilityPercent>
                    <ProbabilityPercentMaxSkillLevel>4</ProbabilityPercentMaxSkillLevel>
                </Complication>
				<Complication>
                    <SymptomRef>SYM_CRP_M_SCAR_TISSUE</SymptomRef>
                    <ProbabilityPercent>22</ProbabilityPercent>
                    <ProbabilityPercentMaxSkillLevel>3</ProbabilityPercentMaxSkillLevel>
                </Complication>
				<Complication>
                    <SymptomRef>SYM_SLP_S_SCAR_TISSUE</SymptomRef>
                    <ProbabilityPercent>4</ProbabilityPercent>
                    <ProbabilityPercentMaxSkillLevel>2</ProbabilityPercentMaxSkillLevel>
                </Complication>
				<Complication>
                    <SymptomRef>SYM_BRUISE</SymptomRef>
                    <ProbabilityPercent>50</ProbabilityPercent>
                    <ProbabilityPercentMaxSkillLevel>20</ProbabilityPercentMaxSkillLevel>
                </Complication>
				<Complication>
                    <SymptomRef>SYM_CRP_PULMONARY_EMBOLISM</SymptomRef>
                    <ProbabilityPercent>2</ProbabilityPercent>
                    <ProbabilityPercentMaxSkillLevel>1</ProbabilityPercentMaxSkillLevel>
                </Complication>
				<Complication>
                    <SymptomRef>SYM_CRP_LI_LOCALPOISIONING</SymptomRef>
                    <ProbabilityPercent>7</ProbabilityPercent>
                    <ProbabilityPercentMaxSkillLevel>2</ProbabilityPercentMaxSkillLevel>
                </Complication>
				<Complication>
                    <SymptomRef>SYM_CRP_LI_BAGGY_SKIN</SymptomRef>
                    <ProbabilityPercent>70</ProbabilityPercent>
                    <ProbabilityPercentMaxSkillLevel>30</ProbabilityPercentMaxSkillLevel>
                </Complication>
            </Complications>

            <RequiredEquipmentList>
                <RequiredEquipment>
                    <Tag>operating_table_head</Tag><!--0-->
                </RequiredEquipment>
                <RequiredEquipment>
                    <Tag>operating_table_legs</Tag><!--1-->
                </RequiredEquipment>
                <RequiredEquipment>
                    <Tag>scrubbing_sink</Tag><!--2-->
                </RequiredEquipment>
                <RequiredEquipment>
                    <Tag>scrubbing_sink</Tag><!--3-->
                </RequiredEquipment>
                <RequiredEquipment>
                    <Tag>scrubbing_sink</Tag><!--4-->
                </RequiredEquipment>
                <RequiredEquipment>
                    <Tag>scrubs_shelf</Tag><!--5-->
                </RequiredEquipment>
                <RequiredEquipment>
                    <Tag>scrubs_shelf</Tag><!--6-->
                </RequiredEquipment>
                <RequiredEquipment>
                    <Tag>scrubs_shelf</Tag><!--7-->
                </RequiredEquipment>
                <RequiredEquipment>
                    <Tag>warming_cabinet</Tag><!--8-->
                </RequiredEquipment>
                <RequiredEquipment>
                    <Tag>doc_equipment</Tag><!--9-->
                </RequiredEquipment>
                <RequiredEquipment>
                    <Tag>surgery_instruments</Tag><!--10-->
                </RequiredEquipment>
                <RequiredEquipment>
                    <Tag>electrocautery_machine</Tag><!--11-->
                </RequiredEquipment>
                <RequiredEquipment>
                    <Tag>stool</Tag><!--12-->
                </RequiredEquipment>
                <RequiredEquipment>
                    <Tag>anesthetic_machine</Tag><!--13-->
                </RequiredEquipment>
                <RequiredEquipment>
                    <Tag>defibrillator</Tag><!--14-->
                </RequiredEquipment>
                <RequiredEquipment>
                    <Tag>succion_machine</Tag><!--15-->
                </RequiredEquipment>
            </RequiredEquipmentList>

            <ProcedureScript>ProcedureScriptTreatmentSurgery</ProcedureScript>
            <SpeechBubbleRef>BUBBLE_PLACEHOLDER</SpeechBubbleRef>
            <EquipmentFromAnyDepartment>true</EquipmentFromAnyDepartment>
        </Procedure>
        <TreatmentType>SURGERY</TreatmentType>
        <Cost>100</Cost>
        <IconIndex>1945</IconIndex>
        <HospitalizationTreatmentRef>TRT_HOSPITALIZATION_NORMAL</HospitalizationTreatmentRef>
    </GameDBTreatment>
    
	<!-- Rhinoplasty -->
	<GameDBTreatment ID="TRT_SLP_RHINOPLASTY">
        <AbbreviationLocID>TRT_SLP_RHINOPLASTY_DESC</AbbreviationLocID>
        <DiscomfortLevel>High</DiscomfortLevel>
        <Procedure>
            <StaffSelectionRules>DEFAULT_ROOMS</StaffSelectionRules>
            <RequiredSkillsToPrescribe>
                <SkillRef>SKILL_DOC_SPEC_PLAS</SkillRef>
            </RequiredSkillsToPrescribe>

            <RequiredDoctorQualificationList>
                <SkillRef>SKILL_DOC_SPEC_PLAS_SURGERY</SkillRef>
                <SkillRef>SKILL_DOC_SPEC_ANESTHESIOLOGY</SkillRef>

                <!-- needs to be last so the anesthesiologist doesn't get selected as assistant-->
                <SkillRef>SKILL_DOC_SPEC_PLAS</SkillRef>
            </RequiredDoctorQualificationList>

            <RequiredDoctorRoles>
                <RoleRef>EMPL_ROLE_SURGERY</RoleRef>
                <RoleRef>EMPL_ROLE_SURGERY_ANESTHESIOLOGY</RoleRef>
                <RoleRef>EMPL_ROLE_SURGERY_ASSIST</RoleRef>
            </RequiredDoctorRoles>
			
			<FallbackDoctorDepartments>
                <DepartmentRef>DPT_DEFAULT</DepartmentRef>
                <DepartmentRef>DPT_ICU</DepartmentRef>
                <DepartmentRef>DPT_DEFAULT</DepartmentRef>
            </FallbackDoctorDepartments>

            <RequiredNurseQualificationList>
                <SkillRef>SKILL_NURSE_SPEC_MEDICAL_SURGERY</SkillRef>
                <SkillRef>SKILL_NURSE_SPEC_MEDICAL_SURGERY</SkillRef>
            </RequiredNurseQualificationList>

            <RequiredNurseRoles>
                <RoleRef>EMPL_ROLE_SURGERY_NURSE</RoleRef>
                <RoleRef>EMPL_ROLE_SURGERY_NURSE</RoleRef>
            </RequiredNurseRoles>

            <RequiredRoomTags>
                <Tag>operating_room</Tag>
            </RequiredRoomTags>

            <BedPositionsStaff>
                <MainSurgeonPosition>HEAD_LEFT</MainSurgeonPosition>
                <SurgeonAsistantPosition>NONE</SurgeonAsistantPosition>
                <AnesthesiologistPosition>NONE</AnesthesiologistPosition>
                <SurgeryNursePosition>FEET_LEFT_UP</SurgeryNursePosition>
                <AssistantNursePosition>FEET_RIGHT_UP</AssistantNursePosition>
            </BedPositionsStaff>

            <Complications>
                <Complication>
                    <SymptomRef>SYM_PLAS_ABSCESS</SymptomRef>
                    <ProbabilityPercent>12</ProbabilityPercent>
                    <ProbabilityPercentMaxSkillLevel>2</ProbabilityPercentMaxSkillLevel>
                </Complication>
                <Complication>
                    <SymptomRef>SYM_WOUND_INFECTION</SymptomRef>
                    <ProbabilityPercent>24</ProbabilityPercent>
                    <ProbabilityPercentMaxSkillLevel>2</ProbabilityPercentMaxSkillLevel>
                </Complication>
				<Complication>
                    <SymptomRef>SYM_BLEEDING_FROM_THE_WOUND</SymptomRef>
                    <ProbabilityPercent>12</ProbabilityPercent>
                    <ProbabilityPercentMaxSkillLevel>3</ProbabilityPercentMaxSkillLevel>
                </Complication>
				<Complication>
                    <SymptomRef>SYM_CRP_ANAPHYLACTIC_SHOCK</SymptomRef>
                    <ProbabilityPercent>1</ProbabilityPercent>
                    <ProbabilityPercentMaxSkillLevel>1</ProbabilityPercentMaxSkillLevel>
                </Complication>
				<Complication>
                    <SymptomRef>SYM_CRP_LI_LOCALPOISIONING</SymptomRef>
                    <ProbabilityPercent>7</ProbabilityPercent>
                    <ProbabilityPercentMaxSkillLevel>2</ProbabilityPercentMaxSkillLevel>
                </Complication>
                <Complication>
                    <SymptomRef>SYM_SLP_UNDESIRED_RESULTS</SymptomRef>
                    <ProbabilityPercent>15</ProbabilityPercent>
                    <ProbabilityPercentMaxSkillLevel>4</ProbabilityPercentMaxSkillLevel>
                </Complication>
				<Complication>
                    <SymptomRef>SYM_NUMBNESS</SymptomRef>
                    <ProbabilityPercent>50</ProbabilityPercent>
                    <ProbabilityPercentMaxSkillLevel>20</ProbabilityPercentMaxSkillLevel>
                </Complication>
				<Complication>
                    <SymptomRef>SYM_SWELLING</SymptomRef>
                    <ProbabilityPercent>75</ProbabilityPercent>
                    <ProbabilityPercentMaxSkillLevel>30</ProbabilityPercentMaxSkillLevel>
                </Complication>
				<Complication>
                    <SymptomRef>SYM_CRP_M_SCAR_TISSUE</SymptomRef>
                    <ProbabilityPercent>22</ProbabilityPercent>
                    <ProbabilityPercentMaxSkillLevel>3</ProbabilityPercentMaxSkillLevel>
                </Complication>
				<Complication>
                    <SymptomRef>SYM_SLP_S_SCAR_TISSUE</SymptomRef> <!-- 10 -->
                    <ProbabilityPercent>4</ProbabilityPercent>
                    <ProbabilityPercentMaxSkillLevel>2</ProbabilityPercentMaxSkillLevel>
                </Complication>
				<Complication>
                    <SymptomRef>SYM_SLP_NOSE_SEPTALPERF</SymptomRef>
                    <ProbabilityPercent>3</ProbabilityPercent>
                    <ProbabilityPercentMaxSkillLevel>1</ProbabilityPercentMaxSkillLevel>
                </Complication>
				<Complication>
                    <SymptomRef>SYM_BREATHING_DIFFICULTIES</SymptomRef>
                    <ProbabilityPercent>15</ProbabilityPercent>
                    <ProbabilityPercentMaxSkillLevel>3</ProbabilityPercentMaxSkillLevel>
                </Complication>
            </Complications>

            <RequiredEquipmentList>
                <RequiredEquipment>
                    <Tag>operating_table_head</Tag><!--0-->
                </RequiredEquipment>
                <RequiredEquipment>
                    <Tag>operating_table_legs</Tag><!--1-->
                </RequiredEquipment>
                <RequiredEquipment>
                    <Tag>scrubbing_sink</Tag><!--2-->
                </RequiredEquipment>
                <RequiredEquipment>
                    <Tag>scrubbing_sink</Tag><!--3-->
                </RequiredEquipment>
                <RequiredEquipment>
                    <Tag>scrubbing_sink</Tag><!--4-->
                </RequiredEquipment>
                <RequiredEquipment>
                    <Tag>scrubs_shelf</Tag><!--5-->
                </RequiredEquipment>
                <RequiredEquipment>
                    <Tag>scrubs_shelf</Tag><!--6-->
                </RequiredEquipment>
                <RequiredEquipment>
                    <Tag>scrubs_shelf</Tag><!--7-->
                </RequiredEquipment>
                <RequiredEquipment>
                    <Tag>warming_cabinet</Tag><!--8-->
                </RequiredEquipment>
                <RequiredEquipment>
                    <Tag>doc_equipment</Tag><!--9-->
                </RequiredEquipment>
                <RequiredEquipment>
                    <Tag>surgery_instruments</Tag><!--10-->
                </RequiredEquipment>
                <RequiredEquipment>
                    <Tag>electrocautery_machine</Tag><!--11-->
                </RequiredEquipment>
                <RequiredEquipment>
                    <Tag>stool</Tag><!--12-->
                </RequiredEquipment>
                <RequiredEquipment>
                    <Tag>anesthetic_machine</Tag><!--13-->
                </RequiredEquipment>
                <RequiredEquipment>
                    <Tag>defibrillator</Tag><!--14-->
                </RequiredEquipment>
                <RequiredEquipment>
                    <Tag>succion_machine</Tag><!--15-->
                </RequiredEquipment>
            </RequiredEquipmentList>

            <ProcedureScript>ProcedureScriptTreatmentSurgeryLigiCauterization</ProcedureScript>
            <SpeechBubbleRef>BUBBLE_PLACEHOLDER</SpeechBubbleRef>
            <EquipmentFromAnyDepartment>true</EquipmentFromAnyDepartment>
        </Procedure>
        <TreatmentType>SURGERY</TreatmentType>
        <Cost>100</Cost>
        <IconIndex>1945</IconIndex>
        <HospitalizationTreatmentRef>TRT_HOSPITALIZATION_HIGH_PRIORITY</HospitalizationTreatmentRef>
		
		<CustomIconBigAssetRef>ASSET_PLAS_SUR_ICON_009</CustomIconBigAssetRef>
        <CustomIconSmallAssetRef>ASSET_PLAS_SUR_ICON_010</CustomIconSmallAssetRef>
		
    </GameDBTreatment>
    

</Database>
  