<Database>
	<!-- Plastic Surgery Mod by Sleepy068 -->
	<GameDBStringTable ID="LOC_EN_ADDON_PLASTICS_SYMPTOMS">
	<LanguageCode>en</LanguageCode>
	<LanguageNameLocalized>English</LanguageNameLocalized>
	<Contributors>
	<Name>Sleepy068</Name>
	</Contributors>

	<LocalizedStrings>
	<!-- Plastic Surgery Mod -->
	<GameDBLocalizedString>      
		<LocID>SYM_PLAS_C001</LocID>                                          	
		<Text>Patient Request (Breast Augmentation)</Text>  
	</GameDBLocalizedString>
	
	<GameDBLocalizedString>      
		<LocID>SYM_PLAS_C001_DESC</LocID>                   
		<Text>The patient has expressed that they want a Cosmetic Breast Augmentation to enhance their appearance.</Text>  
	</GameDBLocalizedString>	
	
	<GameDBLocalizedString>      
		<LocID>SYM_SLP_PLAS_NERVE_DAMAGE</LocID>                               
		<Text>Postoperative Neuropathic Pain</Text>  
	</GameDBLocalizedString>
            
	<GameDBLocalizedString>      
		<LocID>SYM_SLP_PLAS_NERVE_DAMAGE_DESC</LocID>                   
		<Text>Postoperative neuropathic pain (PONP) can develop if nerves were damaged during a surgery. Damaged nerves cannot correctly transmit signals from various parts of the body to the brain. Instead, these signals become exaggerated, causing chronic pain that may persist for months or even years.</Text>  
	</GameDBLocalizedString>
	
	<GameDBLocalizedString>      
		<LocID>SYM_SLP_UNDESIRED_RESULTS</LocID>                               
		<Text>Undesired Results</Text>  
	</GameDBLocalizedString>
            
	<GameDBLocalizedString>      
		<LocID>SYM_SLP_UNDESIRED_RESULTS_DESC</LocID>                   
		<Text>Unfavourable outcomes are part and parcel of performing surgeries of any kind. Post-treatment undesired results occur after a surgery or treatment has been completed and the result differs from what was expected. This may lead to further complications and increased stress for the patient.</Text>  
	</GameDBLocalizedString>
		
	<GameDBLocalizedString>      
		<LocID>SYM_SLP_MILD_AR</LocID>                               
		<Text>Undesired Results</Text>  
	</GameDBLocalizedString>
            
	<GameDBLocalizedString>      
		<LocID>SYM_SLP_MILD_AR_DESC</LocID>                   
		<Text>The patient has had a mild allergic reaction during or after the surgery. This may be a reaction to certain anaesthetic drugs used, environmental conditions, other types of drugs or materials used during surgery or even the wound dressings.</Text>  
	</GameDBLocalizedString>
	
	<GameDBLocalizedString>      
		<LocID>SYM_SLP_S_SCAR_TISSUE</LocID>                               
		<Text>Significant Scar Tissue</Text>  
	</GameDBLocalizedString>
            
	<GameDBLocalizedString>      
		<LocID>SYM_SLP_S_SCAR_TISSUE_DESC</LocID>                   
		<Text>A scar is a mark that is left on the skin after a wound or an injury to the surface of the skin has healed. The formation of scars or scar tissue is a normal part of the healing process, and occurs when the skin is cut due to injury or surgery. The growth of scar tissue is influenced by many factors, these include: The severity of the original injury. The size, depth and location of the wound on the body. Excess scar tissue, layers deep, can significantly reduce function and movement months after surgery. This can have negative effects and decrease patient satisfaction.</Text>  
	</GameDBLocalizedString>
	
	<GameDBLocalizedString>      
		<LocID>SYM_SLP_B_CAPSULAR</LocID>                               
		<Text>Capsular Contracture</Text>  
	</GameDBLocalizedString>
            
	<GameDBLocalizedString>      
		<LocID>SYM_SLP_B_CAPSULAR_DESC</LocID>                   
		<Text>Capsular contracture is a breast augmentation complication that develops when internal scar tissue forms a tight or constricting capsule around a breast implant, contracting it until it becomes misshapen and hard.</Text>  
	</GameDBLocalizedString>
	
	<GameDBLocalizedString>      
		<LocID>SYM_SLP_BARSA_INFECTION</LocID>                               
		<Text>Breast Implant Infection</Text>  
	</GameDBLocalizedString>
            
	<GameDBLocalizedString>      
		<LocID>SYM_SLP_BARSA_INFECTION_DESC</LocID>                   
		<Text>At face value, bacterial infection is a problem for any implantable medical device, including breast implants. Symptoms of an infection can include a high fever and breast pain, redness and/or swelling. If it appears that antibiotics alone won't clear the infection, then the surgeon may need to clean out the infected tissue and either replace or completely remove the implant.</Text>  
	</GameDBLocalizedString>
	
	<GameDBLocalizedString>      
		<LocID>SYM_SLP_FAILED_BA</LocID>                               
		<Text>Failed Breast Augmentation</Text>  
	</GameDBLocalizedString>
            
	<GameDBLocalizedString>      
		<LocID>SYM_SLP_FAILED_BA_DESC</LocID>                   
		<Text>Due to surgery complications, the patient has been unable to have a sucessful cosmetic surgery outcome. They will not be happy about this. </Text>  
	</GameDBLocalizedString>
	
	<GameDBLocalizedString>      
		<LocID>SYM_SLP_B_IMPLANT_EXTRUSION</LocID>                               
		<Text>Breast Implant Extrusion</Text>  
	</GameDBLocalizedString>
            
	<GameDBLocalizedString>      
		<LocID>SYM_SLP_B_IMPLANT_EXTRUSION_DESC</LocID>                   
		<Text>In relatively rare cases after implant reconstruction surgery, the surface of the implant or tissue expander comes through the skin and becomes exposed. This is called “extrusion". The patient may develop an infection if they have an extruded or exposed implant. If the breast implant has already extruded or is about to extrude, the plastic surgeon will have to remove it or replace it via corrective surgery.</Text>  
	</GameDBLocalizedString>
	
	<GameDBLocalizedString>      
		<LocID>SYM_PLAS_ABSCESS</LocID>                   
		<Text>Abscess</Text>  
	</GameDBLocalizedString>
	
	<GameDBLocalizedString>      
		<LocID>SYM_PLAS_C002</LocID>                                          	
		<Text>Patient Request (Liposuction)</Text>  
	</GameDBLocalizedString>
	
	<GameDBLocalizedString>      
		<LocID>SYM_PLAS_C002_DESC</LocID>                   
		<Text>The patient has expressed that they want Liposuction to enhance their appearance.</Text>  
	</GameDBLocalizedString>	
	
	<GameDBLocalizedString>      
		<LocID>SYM_PLAS_C003</LocID>                                          	
		<Text>Patient Request (Augmentation Rhinoplasty)</Text>  
	</GameDBLocalizedString>
	
	<GameDBLocalizedString>      
		<LocID>SYM_PLAS_C003_DESC</LocID>                   
		<Text>The patient has expressed that they want Augmentation Rhinoplasty to enhance their appearance.</Text>  
	</GameDBLocalizedString>

	<GameDBLocalizedString>      
		<LocID>SYM_SLP_NOSE_SEPTALPERF</LocID>                                          	
		<Text>Nasal Septal Perforation</Text>  
	</GameDBLocalizedString>
	
	<GameDBLocalizedString>      
		<LocID>SYM_SLP_NOSE_SEPTALPERF_DESC</LocID>                   
		<Text>A nasal septum perforation is a medical condition in which the nasal septum, the bony/cartilaginous wall dividing the nasal cavities, develops a hole or fissure. Some perforations can cause bleeding, pain, and a whistling sound when inhaling. If dried blood or scabs build up, you could also have trouble breathing through your nose. Many perforations do not need to be closed but serious or complicated ones can lead to infections.</Text>  
	</GameDBLocalizedString>

	<GameDBLocalizedString>      
		<LocID>SYM_PLAS_R001</LocID>                                          	
		<Text>Blepharospam (Evaluation)</Text>  
	</GameDBLocalizedString>
	
	<GameDBLocalizedString>      
		<LocID>SYM_PLAS_R001_DESC</LocID>                   
		<Text>There is no particular test for blepharospasm. Diagnosis relies on physical examination, medical history and ruling out other possible causes. The doctor has evaluated the patient's symptoms and determined the diagnosis is indeed blepharospasm.</Text>  
	</GameDBLocalizedString>		
			
	<!-- CRP Export (Everything below will be exported to CRP after release) -->
	<GameDBLocalizedString>      
		<LocID>SYM_CRP_SEROMA</LocID>                                          	
		<Text>Seroma</Text>  
	</GameDBLocalizedString>
	
	<GameDBLocalizedString>      
		<LocID>SYM_CRP_SEROMA_DESC</LocID>                   
		<Text>A seroma is a collection of fluid that builds up under the surface of your skin. Seromas may develop after a surgical procedure, most often at the site of the surgical incision or where tissue was removed. The seroma may take a few weeks to absorb on its own. Letting a seroma absorb on its own is the best way to heal naturally as long as no complications arise.</Text>  
	</GameDBLocalizedString>
	
	<GameDBLocalizedString>      
		<LocID>SYM_CRP_POSTOP_PAIN</LocID>                               
		<Text>Post-Operative Pain</Text>  
	</GameDBLocalizedString>
            
	<GameDBLocalizedString>      
		<LocID>SYM_CRP_POSTOP_PAIN_DESC</LocID>                   
		<Text>Postoperative pain is an anticipated and temporary increase in background pain that usually occurs following surgery. Postoperative pain remains a significant problem for patients and a challenge for anesthesiologists and acute pain medicine specialists. Despite advancements in the last two decades with increased use of multimodal analgesic regimens, advancements in regional anesthesia, and use of continuous analgesic infusions postoperatively, certain subgroups of patients will go on to develop chronic postoperative pain. Poorly managed postoperative pain can lead to complications and prolonged rehabilitation.</Text>  
	</GameDBLocalizedString>
	
	<GameDBLocalizedString>      
		<LocID>SYM_CRP_M_SCAR_TISSUE</LocID>                               
		<Text>Minor Scar Tissue</Text>  
	</GameDBLocalizedString>
            
	<GameDBLocalizedString>      
		<LocID>SYM_CRP_M_SCAR_TISSUE_DESC</LocID>                   
		<Text>A scar is a mark that is left on the skin after a wound or an injury to the surface of the skin has healed. The formation of scars or scar tissue is a normal part of the healing process, and occurs when the skin is cut due to injury or surgery. The growth of scar tissue is influenced by many factors, these include: The severity of the original injury. The size, depth and location of the wound on the body.</Text>  
	</GameDBLocalizedString>

	<GameDBLocalizedString>      
		<LocID>SYM_CRP_MRSA_INFECTION</LocID>                               
		<Text>Resistant S. Aureus Infection</Text>  
	</GameDBLocalizedString>
            
	<GameDBLocalizedString>      
		<LocID>SYM_CRP_MRSA_INFECTION_DESC</LocID>                   
		<Text>Methicillin-resistant Staphylococcus aureus (MRSA) infection is caused by a type of staph bacteria that's become resistant to many of the antibiotics used to treat ordinary staph infections. These can quickly turn into deep, painful abscesses that require surgical draining. Sometimes the bacteria remain confined to the skin. But they can also burrow deep into the body, causing potentially life-threatening infections in bones, joints, surgical wounds, the bloodstream, heart valves and lungs.</Text>  
	</GameDBLocalizedString>
	
	<GameDBLocalizedString>      
		<LocID>SYM_CRP_PULMONARY_EMBOLISM</LocID>                               
		<Text>Pulmonary Embolism</Text>  
	</GameDBLocalizedString>
            
	<GameDBLocalizedString>      
		<LocID>SYM_CRP_PULMONARY_EMBOLISM_DESC</LocID>                   
		<Text>Pulmonary embolism (PE) is a blockage of an artery in the lungs by a substance that has moved from elsewhere in the body through the bloodstream (embolism). Most times, a pulmonary embolism is caused by blood clots that travel from the legs, or rarely, other parts of the body (deep vein thrombosis or DVT). Surgery increases a patient's risk for pulmonary embolism. \n\nTreatment Requirements: Cardiology or ICU dpt.</Text>  
	</GameDBLocalizedString>
	
	<GameDBLocalizedString>      
		<LocID>SYM_CRP_LI_LOCALPOISIONING</LocID>                               
		<Text>Local Anaesthetic Poisoning</Text>  
	</GameDBLocalizedString>
            
	<GameDBLocalizedString>      
		<LocID>SYM_CRP_LI_LOCALPOISIONING_DESC</LocID>                   
		<Text>Local anaesthetic toxicity generally occurs as a result of therapeutic error. Situations leading to toxicity include inadvertent venous or arterial injection as well as too high a dose of ingested or topically administered local anaesthetic-containing preparations. The CNS is more sensitive to the effects of local anesthetics than the cardiac system and will generally manifest signs/symptoms of toxicity first.</Text>  
	</GameDBLocalizedString>

	<GameDBLocalizedString>      
		<LocID>SYM_CRP_LI_BAGGY_SKIN</LocID>                               
		<Text>Asymmetric or ‘Baggy’ Skin Surface</Text>  
	</GameDBLocalizedString>
            
	<GameDBLocalizedString>      
		<LocID>SYM_CRP_LI_BAGGY_SKIN_DESC</LocID>                   
		<Text>When fat is removed from under the skin, some patients believe that their skin will shrink to fit their smoother, more toned body. However, this is not always the case, especially in the areas where the skin is significantly damaged. This is most common in the stomach and gluteal area, though it can occur all over the body. If skin has been stretched over fat deposits for a long period of time, it will may not tighten or shrink back when the fat deposits are no longer there. Any area that has stretch marks, for example, is unlikely to quickly tighten after liposuction. Excess and sagging skin is the most common cause for dimpling after liposuction.</Text>  
	</GameDBLocalizedString>
	
	<GameDBLocalizedString>      
		<LocID>SYM_CRP_WOUND_INFECTION2</LocID>                               
		<Text>Wound Infection</Text>  
	</GameDBLocalizedString>
            
	<GameDBLocalizedString>      
		<LocID>SYM_CRP_WOUND_INFECTION2_DESC</LocID>                   
		<Text>A wound infection occurs when germs, such as bacteria, grow within the damaged skin of a wound.</Text>  
	</GameDBLocalizedString>
	
	<GameDBLocalizedString>      
		<LocID>SYM_CRP_RAPID_BLINKING</LocID>                               
		<Text>Excessive Blinking</Text>  
	</GameDBLocalizedString>
            
	<GameDBLocalizedString>      
		<LocID>SYM_CRP_RAPID_BLINKING_DESC</LocID>                   
		<Text>Blinking is a reflex, which means your body does it automatically. You can also make yourself blink when you want to. Excessive blinking is when you blink more than you want to. Excessive blinking is caused by over-stimulation of the blinking reflex. This is most commonly due to a foreign body in the eye. This can be as simple as an ingrown eyelash rubbing against the front of the eyeball. Thus anything which causes a corneal abrasion causes excessive blinking and watering in an attempt to wash out the foreign body. Excessive blinking may also be caused by allergic reactions causing watering, itching and roughening of the conjunctiva. There are other also many other disease states associated with excessive blinking. Treatment for excessive blinking depends on the underlying cause.</Text>  
	</GameDBLocalizedString>
	
	<!-- ### ### -->
	<!-- ######################################## Content for V.X Added Below ######################################## -->
	<!-- ### ### -->
	
	</LocalizedStrings>
	</GameDBStringTable>
</Database>