<Database>
	<!-- Plastic Surgery Mod by Sleepy068 -->
	<GameDBStringTable ID="LOC_EN_ADDON_PLASTICS_DIAGNOSES">
	<LanguageCode>en</LanguageCode>
	<LanguageNameLocalized>English</LanguageNameLocalized>
	<Contributors>
	<Name>Sleepy068</Name>
	</Contributors>

	<LocalizedStrings>
	
		<GameDBLocalizedString>      
			<LocID>DIA_PLAS_C_BREAST_01</LocID>                         
			<Text>Breast Augmentation (C)</Text>	
		</GameDBLocalizedString>
		
		<GameDBLocalizedString>      
			<LocID>DIA_PLAS_C_BREAST_01_DESC</LocID>                         
			<Text>Breast Augmentation, also known as augmentation mammoplasty, can be a cosmetic (C) procedure or a reconstructive (R) procedure in the case of breast reconstruction surgery. The procedure involves implants being inserted beneath the breasts to enlarge them. The implant type and size depends on factors such as how much bigger the patient wants their breasts to be, their breast anatomy, skin thickness and elasticity, and body type. The patient has expressed that they want a Cosmetic Breast Augmentation to enhance their appearance.</Text>	
		</GameDBLocalizedString>
		
		<GameDBLocalizedString>      
			<LocID>DIA_PLAS_C_STOMACH_01</LocID>                         
			<Text>Liposuction (C)</Text>	
		</GameDBLocalizedString>
		
		<GameDBLocalizedString>      
			<LocID>DIA_PLAS_C_STOMACH_01_DESC</LocID>                         
			<Text>Liposuction, also known as lipectomy or lipoplasty, is a procedure that improves the body’s contours and proportion by removing excess fat deposits to slim and reshape specific areas of the body. Common areas targeted include thighs, buttocks, abdomen, arms, neck and under the chin. Usually liposuction of smaller volumes are done as an outpatient while larger volumes require a stay in hospital to monitor fluid levels and if patients are suffering from any other medical conditions. The patient has expressed that they want a Liposuction to enhance their appearance.</Text>	
		</GameDBLocalizedString>
		
		<GameDBLocalizedString>      
			<LocID>DIA_PLAS_C_NOSE_01</LocID>                         
			<Text>Augmentation Rhinoplasty (C)</Text>	
		</GameDBLocalizedString>
		
		<GameDBLocalizedString>      
			<LocID>DIA_PLAS_C_NOSE_01_DESC</LocID>                         
			<Text>Augmentation Rhinoplasty is surgery that changes the shape of the nose. The motivation for rhinoplasty may be to change the appearance of the nose, improve breathing or both. Augmentation Rhinoplasty is commonly referred to as a “nose job". This surgical procedure works to enhance the outward look of the nose, or its external aesthetics. This often involves reshaping a “crooked” nose or bringing a large nose into better proportion with the rest of the face.</Text>	
		</GameDBLocalizedString>
		
		<GameDBLocalizedString>      
			<LocID>DIA_PLAS_R_EYE_01</LocID>                         
			<Text>Blepharospam (R)(Mild)</Text>	
		</GameDBLocalizedString>
		
		<GameDBLocalizedString>      
			<LocID>DIA_PLAS_R_EYE_01_DESC</LocID>                         
			<Text>Blepharospasm is abnormal contraction of the eyelid muscles. It often refers to benign essential blepharospasm (BEB) which is a bilateral condition and a form of focal dystonia leading to episodic closure of the eyelids. In more mild cases, Botulinum Toxin injections is a commonly accepted treatment. It takes between one and four days for the paralysis to begin. The complete effect usually takes about a week and often lasts up to four months.</Text>	
		</GameDBLocalizedString>
		
	<!-- ### ### -->
	<!-- ######################################## Content for V.X Added Below ######################################## -->
	<!-- ### ### -->
		
	</LocalizedStrings>
	</GameDBStringTable>
</Database>

