<Database>
	<!-- Plastic Surgery Mod by Sleepy068 -->
	<GameDBStringTable ID="LOC_EN_ADDON_PLASTICS_TREATMENTS">
	<LanguageCode>en</LanguageCode>
	<LanguageNameLocalized>English</LanguageNameLocalized>
	<Contributors>
	<Name>Sleepy068</Name>
	</Contributors>

	<LocalizedStrings>
	<!-- Plastic Surgery Mod -->
		<GameDBLocalizedString>      
			<LocID>TRT_SLP_AUGMENTATION_MAMMOPLASTY</LocID>                         
			<Text>Augmentation Mammoplasty</Text>	
		</GameDBLocalizedString>
		
		<GameDBLocalizedString>      
			<LocID>TRT_SLP_AUGMENTATION_MAMMOPLASTY_DESC</LocID>                         
			<Text>Breast augmentation is a cosmetic surgery technique using breast-implants and fat-graft mammoplasty techniques to increase the size, change the shape, and alter the texture of the breasts of a woman. \n\nRequired room: Operating room at Plastic Surgery dpt.</Text>	
		</GameDBLocalizedString>
		
		<GameDBLocalizedString>      
			<LocID>TRT_SLP_PLAS_NERVE_DECOM_SURGERY</LocID>                                    	
			<Text>Nerve Reconstructive Surgery</Text>
		</GameDBLocalizedString>

		<GameDBLocalizedString>      
			<LocID>TRT_SLP_PLAS_NERVE_DECOM_SURGERY_DESC</LocID>                        	
			<Text>Nerve Reconstructive Surgery, or surgical nerve repair involves exploration of the injured nerve and removal of injured tissue or scar from the nerve endings. After that, a nerve can be directly reconnected if there is enough length on the ends to allow for a good quality repair without tension. \n\nRequired room: Operating room at Neurology dpt.</Text>  
		</GameDBLocalizedString>
		
		<GameDBLocalizedString>      
			<LocID>TRT_SLP_CORRECTIVE_SURGERY</LocID>                                    	
			<Text>Corrective Surgery</Text>  
		</GameDBLocalizedString>

		<GameDBLocalizedString>      
			<LocID>TRT_SLP_CORRECTIVE_SURGERY_DESC</LocID>                        	
			<Text>It is not uncommon for patients to occasionally require corrective surgery, this is carried out to address concerns or complications relating to a previous surgery. Addressing these concerns will help greatly with patient satisfaction at the expense of additional surgery time and further complication risks. \n\nRequired room: Operating room at Plastic Surgery dpt.</Text>  
		</GameDBLocalizedString>
		
		<GameDBLocalizedString>      
			<LocID>TRT_SLP_PLAS_SCAR_REVISION_SURGERY</LocID>                                    	
			<Text>Scar Revision Surgery</Text>  
		</GameDBLocalizedString>

		<GameDBLocalizedString>      
			<LocID>TRT_SLP_PLAS_SCAR_REVISION_SURGERY_DESC</LocID>                        	
			<Text>Scar revision is surgery to improve or reduce the appearance of scars. It also restores function, and corrects skin changes (disfigurement) caused by an injury, wound, poor healing, or previous surgery. \n\nRequired room: Operating room at Plastic Surgery dpt.</Text>  
		</GameDBLocalizedString>
		
		<GameDBLocalizedString>      
			<LocID>TRT_SLP_PLAS_IMPLANT_REMOVAL</LocID>                                    	
			<Text>Breast Implant Removal</Text>  
		</GameDBLocalizedString>

		<GameDBLocalizedString>      
			<LocID>TRT_SLP_PLAS_IMPLANT_REMOVAL_DESC</LocID>                        	
			<Text>Breast implant infections are usually caused by Staphylococcus aureus and coagulase-negative staphylococci. Gram-negative bacilli are rarely reported to be involved in breast implant infections. Although rare, infections of this type generally require the implants to be removed. This surgery removes the breast implants and cleans the tissue around the implants. Follow-up anti-biotic courses are normally required. \n\nRequired room: Operating room at Plastic Surgery dpt.</Text>  
		</GameDBLocalizedString>
		
		<GameDBLocalizedString>      
			<LocID>TRT_SLP_PLAS_CAPSULECTOMY</LocID>                                    	
			<Text>Capsulectomy</Text>  
		</GameDBLocalizedString>

		<GameDBLocalizedString>      
			<LocID>TRT_SLP_PLAS_CAPSULECTOMY_DESC</LocID>                        	
			<Text>Capsulectomy is the surgical removal of scar tissue or capsule that has become thickened and hardened around a breast implant. The capsule is composed of fibroblasts, collagen, and blood vessels. Performing a capsulectomy should alleviate the discomfort and improve the appearance and feel of the patients breasts. \n\nRequired room: Operating room at Plastic Surgery dpt.</Text>  
		</GameDBLocalizedString>
		
		<GameDBLocalizedString>      
			<LocID>TRT_PLAS_INCISION_AND_DRAINAGE</LocID>                                    	
			<Text>Incision and drainage</Text>  
		</GameDBLocalizedString>
		
		<GameDBLocalizedString>      
			<LocID>TRT_SLP_SAL</LocID>                                    	
			<Text>Suction Assisted Lipectomy (SAL)</Text>  
		</GameDBLocalizedString>

		<GameDBLocalizedString>      
			<LocID>TRT_SLP_SAL_DESC</LocID>                        	
			<Text>Liposuction is invasive surgery that aims to improve the body’s contours and proportion by removing localised and disproportional deposits of fat. Liposuction can remove up to 5 litres of fat with relative safety during one session. Suction Assisted Lipectomy (SAL) is where fat is removed from the body using a vacuum suction. SAL may be dry, wet or tumescent (Tumescent liposuction) depending on the volume of saline (salt solution) which is injected into the operation site before the procedure begins. \n\nRequired room: Operating room at Plastic Surgery dpt.</Text>  
		</GameDBLocalizedString>
		
		<GameDBLocalizedString>      
			<LocID>TRT_SLP_RHINOPLASTY</LocID>                                    	
			<Text>Rhinoplasty</Text>  
		</GameDBLocalizedString>

		<GameDBLocalizedString>      
			<LocID>TRT_SLP_RHINOPLASTY_DESC</LocID>                        	
			<Text>Rhinoplasty, commonly known as a nose job, is a plastic surgery procedure for correcting and reconstructing the nose. There are two types of plastic surgery used – reconstructive surgery that restores the form and functions of the nose and cosmetic surgery that improves the appearance of the nose.  \n\nRequired room: Operating room at Plastic Surgery dpt.</Text>  
		</GameDBLocalizedString>
	
	<!-- CRP Export -->
		<GameDBLocalizedString>      
			<LocID>TRT_CRP_WATCH_WAIT</LocID>                         
			<Text>Watch and Wait</Text>	
		</GameDBLocalizedString>
		
		<GameDBLocalizedString>      
			<LocID>TRT_CRP_WATCH_WAIT_DESC</LocID>                         
			<Text>Watch and wait involves closely monitoring a patient's condition without giving any treatment until symptoms appear or change. Generally in these situations, letting the body naturally heal itself is the preffered approach as treatments may carry the risk of complications. \n\nRequired room: Any office</Text>	
		</GameDBLocalizedString>
		
		<GameDBLocalizedString>      
			<LocID>TRT_CRP_EPIPEN</LocID>                                    	
			<Text>Epinephrine Autoinjector</Text>  
		</GameDBLocalizedString>

		<GameDBLocalizedString>      
			<LocID>TRT_CRP_EPIPEN_DESC</LocID>                        	
			<Text>An epinephrine autoinjector is a medical device for injecting a measured dose or doses of epinephrine by means of autoinjector technology. It is most often used for the treatment of anaphylaxis. \n\nRequired room: Any office</Text>  
		</GameDBLocalizedString>
		
		<GameDBLocalizedString>      
			<LocID>TRT_CRP_MRSA_TREATMENT_A</LocID>                                    	
			<Text>Trimethoprim-Sulfamethoxazole</Text>  
		</GameDBLocalizedString>

		<GameDBLocalizedString>      
			<LocID>TRT_CRP_MRSA_TREATMENT_A_DESC</LocID>                        	
			<Text>First line MRSA therapy: Trimethoprim-Sulfamethoxazole (TMP-SMX; Bactrim DS, Septra DS. Sulfamethoprim-DS). This agent has been shown to be highly effective in treating Methicillin-resistant Staphylococcus Aureus. \n\nRequired room: Any office</Text>  
		</GameDBLocalizedString>
		
		<GameDBLocalizedString>      
			<LocID>TRT_CRP_COMPRESSION_GARMENT</LocID>                                    	
			<Text>Compression Garment</Text>  
		</GameDBLocalizedString>

		<GameDBLocalizedString>      
			<LocID>TRT_CRP_COMPRESSION_GARMENT_DESC</LocID>                        	
			<Text>Wearing a compression garment after liposuction helps the body recover and increases the patients comfort during the healing process. A compression garment helps to correct overtime, baggy or irregular skin surface features caused by the surgery. \n\nRequired room: Any office</Text>  
		</GameDBLocalizedString>
		
		<GameDBLocalizedString>      
			<LocID>TRT_CRP_INTRA_LIPIDEMULSION</LocID>                                    	
			<Text>Intravenous Lipid Emulsion</Text>  
		</GameDBLocalizedString>

		<GameDBLocalizedString>      
			<LocID>TRT_CRP_INTRA_LIPIDEMULSION_DESC</LocID>                        	
			<Text>Lipid emulsion or fat emulsion refers to an emulsion of lipid for human intravenous use. It is often referred to by the brand name of the most commonly used version, Intralipid, which is an emulsion of soy bean oil, egg phospholipids and glycerin, and is available in 10%, 20% and 30% concentrations. Intravenous lipid emulsion is an established, effective treatment for local anesthetic-induced cardiovascular collapse. The predominant theory for its mechanism of action is that by creating an expanded, intravascular lipid phase, equilibria are established that drive the offending drug from target tissues into the newly formed 'lipid sink'. \n\nRequired room: Regular Hospitalisation at any dpt.</Text>  
		</GameDBLocalizedString>
		
		<GameDBLocalizedString>      
			<LocID>TRT_CRP_BOTOX</LocID>                                    	
			<Text>Botulinum Toxin</Text>  
		</GameDBLocalizedString>

		<GameDBLocalizedString>      
			<LocID>TRT_CRP_BOTOX_DESC</LocID>                        	
			<Text>Botulinum toxin (Botox) is a neurotoxic protein produced by the bacterium Clostridium botulinum and related species. It prevents the release of the neurotransmitter acetylcholine from axon endings at the neuromuscular junction and thus causes flaccid paralysis. While useful for various Plastic Surgery procedures, Botulinum toxin is the most poisonous substance known. Intoxication can occur naturally as a result of either wound or intestinal infection or by ingesting preformed toxin in food. The estimated human lethal dose of type A toxin is 1.3–2.1 ng/kg intravenously or intramuscularly, 10–13 ng/kg when inhaled, or 1000 ng/kg when taken by mouth.  \n\nRequired room: Any office</Text>  
		</GameDBLocalizedString>
	
	<!-- ### ### -->
	<!-- ######################################## Content for V.x Added Below ######################################## -->
	<!-- ### ### -->
	
	</LocalizedStrings>
	</GameDBStringTable>
</Database>
