<Database>
	<!-- Plastic Surgery Mod by Sleepy068 -->
	<GameDBSymptom ID="SYM_PLAS_C001">
        <DescriptionLocID>SYM_PLAS_C001_DESC</DescriptionLocID>
        <DiscomfortLevel>None</DiscomfortLevel>
        <PatientComplains>true</PatientComplains>
        <Hazard>Low</Hazard>
        <PatientMobility>MOBILE</PatientMobility>
		
        <Examinations>
            <ExaminationRef>EXM_INTERVIEW</ExaminationRef>
        </Examinations>
        <Treatments>
            <TreatmentRef>TRT_SLP_AUGMENTATION_MAMMOPLASTY</TreatmentRef>
        </Treatments>
		
        <ShameLevel>0</ShameLevel>
        <IsMainSymptom>true</IsMainSymptom>
		
        <IconIndex>1</IconIndex>
		
		<CustomIconBigAssetRef>ASSET_PLAS_DIA_ICON_001</CustomIconBigAssetRef>
		<CustomIconSmallAssetRef>ASSET_PLAS_DIA_ICON_002</CustomIconSmallAssetRef>
		
    </GameDBSymptom>
	
	<GameDBSymptom ID="SYM_PLAS_C002">
        <DescriptionLocID>SYM_PLAS_C002_DESC</DescriptionLocID>
        <DiscomfortLevel>None</DiscomfortLevel>
        <PatientComplains>true</PatientComplains>
        <Hazard>Low</Hazard>
        <PatientMobility>MOBILE</PatientMobility>
		
        <Examinations>
            <ExaminationRef>EXM_INTERVIEW</ExaminationRef>
        </Examinations>
        <Treatments>
            <TreatmentRef>TRT_SLP_SAL</TreatmentRef>
        </Treatments>
		
        <ShameLevel>0</ShameLevel>
        <IsMainSymptom>true</IsMainSymptom>
		
        <IconIndex>1</IconIndex>
		
		<CustomIconBigAssetRef>ASSET_PLAS_DIA_ICON_005</CustomIconBigAssetRef>
		<CustomIconSmallAssetRef>ASSET_PLAS_DIA_ICON_006</CustomIconSmallAssetRef>
		
    </GameDBSymptom>
	
	<GameDBSymptom ID="SYM_PLAS_C003">
        <DescriptionLocID>SYM_PLAS_C003_DESC</DescriptionLocID>
        <DiscomfortLevel>None</DiscomfortLevel>
        <PatientComplains>true</PatientComplains>
        <Hazard>Low</Hazard>
        <PatientMobility>MOBILE</PatientMobility>
		
        <Examinations>
            <ExaminationRef>EXM_INTERVIEW</ExaminationRef>
        </Examinations>
        <Treatments>
            <TreatmentRef>TRT_SLP_RHINOPLASTY</TreatmentRef>
        </Treatments>
		
        <ShameLevel>0</ShameLevel>
        <IsMainSymptom>true</IsMainSymptom>
		
        <IconIndex>1</IconIndex>
		
		<CustomIconBigAssetRef>ASSET_PLAS_DIA_ICON_007</CustomIconBigAssetRef>
		<CustomIconSmallAssetRef>ASSET_PLAS_DIA_ICON_008</CustomIconSmallAssetRef>
		
    </GameDBSymptom>
	
	<GameDBSymptom ID="SYM_PLAS_R001">
        <DescriptionLocID>SYM_PLAS_R001_DESC</DescriptionLocID>
        <DiscomfortLevel>Medium</DiscomfortLevel>
        <PatientComplains>false</PatientComplains>
        <Hazard>Low</Hazard>
        <PatientMobility>MOBILE</PatientMobility>
		
        <Examinations>
            <ExaminationRef>EXM_EVALUATION</ExaminationRef>
        </Examinations>
        <Treatments>
            <TreatmentRef>TRT_CRP_BOTOX</TreatmentRef>
        </Treatments>
		
        <ShameLevel>0</ShameLevel>
        <IsMainSymptom>true</IsMainSymptom>
		
        <IconIndex>1</IconIndex>
		
		<CustomIconBigAssetRef>ASSET_PLAS_DIA_ICON_009</CustomIconBigAssetRef>
		<CustomIconSmallAssetRef>ASSET_PLAS_DIA_ICON_010</CustomIconSmallAssetRef>
		
    </GameDBSymptom>
	
</Database>