<Database>
	<!-- Plastic Surgery Mod by Sleepy068 -->
	<!-- Services DLC: <PharmacyPickup>true</PharmacyPickup> -->
	
	<!-- Watch and Wait -->
	<GameDBTreatment ID="TRT_CRP_WATCH_WAIT">
        <AbbreviationLocID>TRT_CRP_WATCH_WAIT_DESC</AbbreviationLocID>
        <DiscomfortLevel>None</DiscomfortLevel>
		
        <Procedure>
        <StaffSelectionRules>REQUIRED_ROOM_OR_DEFAULT_ROOM</StaffSelectionRules>
		
		<RequiredSkillsToPrescribe>
			<SkillRef>SKILL_DOC_QUALIF_GENERAL_MEDICINE</SkillRef>
		</RequiredSkillsToPrescribe>
		
		<RequiredDoctorQualificationList>
			<SkillRef>SKILL_DOC_QUALIF_GENERAL_MEDICINE</SkillRef>
		</RequiredDoctorQualificationList>

		<RequiredEquipmentList>
			<RequiredEquipment>
				<Tag>receipt</Tag>
			</RequiredEquipment>
		</RequiredEquipmentList>

		<RequiredRoomTags>
			<Tag>receipt</Tag>
		</RequiredRoomTags>
            
		<ProcedureScript>ProcedureScriptTreatmentReceipt</ProcedureScript>
        </Procedure>
		
        <TreatmentType>RECEIPT</TreatmentType>
		<PharmacyPickup>true</PharmacyPickup>
        <Cost>25</Cost>
        <DurationHours>0</DurationHours>
		<IconIndex>2021</IconIndex>
		
		<CustomIconBigAssetRef>ASSET_PLAS_TRT_ICON_001</CustomIconBigAssetRef>
        <CustomIconSmallAssetRef>ASSET_PLAS_TRT_ICON_002</CustomIconSmallAssetRef>
		
    </GameDBTreatment>
	
	<!-- Trimethoprim-Sulfamethoxazole -->
	<GameDBTreatment ID="TRT_CRP_MRSA_TREATMENT_A">
        <AbbreviationLocID>TRT_SLP_MRSA_TREATMENT_DESC</AbbreviationLocID>
        <DiscomfortLevel>Positive</DiscomfortLevel>
		
        <Procedure>
        <StaffSelectionRules>REQUIRED_ROOM_OR_DEFAULT_ROOM</StaffSelectionRules>
		
		<RequiredSkillsToPrescribe>
			<SkillRef>SKILL_DOC_QUALIF_GENERAL_MEDICINE</SkillRef>
		</RequiredSkillsToPrescribe>
		
		<RequiredDoctorQualificationList>
			<SkillRef>SKILL_DOC_QUALIF_GENERAL_MEDICINE</SkillRef>
		</RequiredDoctorQualificationList>

		<RequiredEquipmentList>
			<RequiredEquipment>
				<Tag>receipt</Tag>
			</RequiredEquipment>
		</RequiredEquipmentList>

		<RequiredRoomTags>
			<Tag>receipt</Tag>
		</RequiredRoomTags>
            
		<ProcedureScript>ProcedureScriptTreatmentReceipt</ProcedureScript>
        </Procedure>
		
        <TreatmentType>RECEIPT</TreatmentType>
		<PharmacyPickup>true</PharmacyPickup>
        <Cost>50</Cost>
        <DurationHours>0</DurationHours>
		<IconIndex>2021</IconIndex>
		
		<CustomIconBigAssetRef>ASSET_PLAS_TRT_ICON_005</CustomIconBigAssetRef>
        <CustomIconSmallAssetRef>ASSET_PLAS_TRT_ICON_006</CustomIconSmallAssetRef>
		
    </GameDBTreatment>
	
	<!-- Compression Garment -->
	<GameDBTreatment ID="TRT_CRP_COMPRESSION_GARMENT">
        <AbbreviationLocID>TRT_CRP_COMPRESSION_GARMENT_DESC</AbbreviationLocID>
        <DiscomfortLevel>Low</DiscomfortLevel>
		
        <Procedure>
        <StaffSelectionRules>REQUIRED_ROOM_OR_DEFAULT_ROOM</StaffSelectionRules>
		
		<RequiredSkillsToPrescribe>
			<SkillRef>SKILL_DOC_QUALIF_GENERAL_MEDICINE</SkillRef>
		</RequiredSkillsToPrescribe>
		
		<RequiredDoctorQualificationList>
			<SkillRef>SKILL_DOC_QUALIF_GENERAL_MEDICINE</SkillRef>
		</RequiredDoctorQualificationList>

		<RequiredEquipmentList>
			<RequiredEquipment>
				<Tag>receipt</Tag>
			</RequiredEquipment>
		</RequiredEquipmentList>

		<RequiredRoomTags>
			<Tag>receipt</Tag>
		</RequiredRoomTags>
            
		<ProcedureScript>ProcedureScriptTreatmentProcedure</ProcedureScript>

            <AnimationSetupSitting>
                <AnimationNameIn>stand_treatment_in</AnimationNameIn>
                <AnimationNameIdle>stand_treatment_idle</AnimationNameIdle>
                <AnimationNameOut>stand_treatment_out</AnimationNameOut>
            </AnimationSetupSitting>
            <AnimationSetupLying>
                <AnimationNameIn>stand_treatment_in</AnimationNameIn>
                <AnimationNameIdle>stand_treatment_idle</AnimationNameIdle>
                <AnimationNameOut>stand_treatment_out</AnimationNameOut>
            </AnimationSetupLying>

            <DressLevel>FULL</DressLevel>
            <DressLevelAfter>FULL</DressLevelAfter>
        </Procedure>
        <TreatmentType>PROCEDURE</TreatmentType>
        <IconIndex>2033</IconIndex>
        <DurationHours>0</DurationHours>
		
		<CustomIconBigAssetRef>ASSET_PLAS_TRT_ICON_009</CustomIconBigAssetRef>
        <CustomIconSmallAssetRef>ASSET_PLAS_TRT_ICON_010</CustomIconSmallAssetRef>
		
    </GameDBTreatment>
	
	<!-- Intravenous Lipid Emulsion -->
	<GameDBTreatment ID="TRT_CRP_INTRA_LIPIDEMULSION">
        <AbbreviationLocID>TRT_CRP_INTRA_LIPIDEMULSION_DESC</AbbreviationLocID>
        <DiscomfortLevel>Medium</DiscomfortLevel>
		
        <Procedure>
            <StaffSelectionRules>REQUIRED_ROOM_OR_DEFAULT_ROOM</StaffSelectionRules>

            <RequiredSkillsToPrescribe>
                <SkillRef>SKILL_DOC_QUALIF_GENERAL_MEDICINE</SkillRef>
            </RequiredSkillsToPrescribe>

            <RequiredDoctorQualificationList>
                <SkillRef>SKILL_DOC_QUALIF_GENERAL_MEDICINE</SkillRef>
            </RequiredDoctorQualificationList>

            <RequiredRoomTags>
                <Tag>receipt</Tag>
            </RequiredRoomTags>

            <ProcedureScript>ProcedureScriptTreatmentReceipt</ProcedureScript>

            <AnimationSetupSitting>
                <AnimationNameIn>stand_press_bandage_hand_in</AnimationNameIn>
                <AnimationNameIdle>stand_press_bandage_hand_idle</AnimationNameIdle>
                <AnimationNameOut>stand_press_bandage_hand_out</AnimationNameOut>
            </AnimationSetupSitting>

            <DressLevel>FULL</DressLevel>
            <DressLevelAfter>FULL</DressLevelAfter>
        </Procedure>
		
        <TreatmentType>RECEIPT</TreatmentType>
        <ReceiptType>IV_BAG</ReceiptType>
        <Cost>50</Cost>
        <IconIndex>2055</IconIndex>
		
		<CustomIconBigAssetRef>ASSET_PLAS_TRT_ICON_007</CustomIconBigAssetRef>
        <CustomIconSmallAssetRef>ASSET_PLAS_TRT_ICON_008</CustomIconSmallAssetRef>
		
        <DurationHours>8</DurationHours>
        <HospitalizationTreatmentRef>TRT_HOSPITALIZATION_NORMAL</HospitalizationTreatmentRef>
        <AllowedWithAnyHospitalization>true</AllowedWithAnyHospitalization>
    </GameDBTreatment>

	<!-- Botulinum Toxin (Botox) -->
	<GameDBTreatment ID="TRT_CRP_BOTOX">
        <AbbreviationLocID>TRT_CRP_BOTOX_DESC</AbbreviationLocID>
        <DiscomfortLevel>Low</DiscomfortLevel>
		
        <Procedure>
        <StaffSelectionRules>REQUIRED_ROOM_OR_DEFAULT_ROOM</StaffSelectionRules>
		
		<RequiredDoctorQualificationList>
			<SkillRef>SKILL_DOC_QUALIF_GENERAL_MEDICINE</SkillRef>
		</RequiredDoctorQualificationList>

        <RequiredEquipmentList>
            <RequiredEquipment>
                <Tag>sit_exam</Tag>
            </RequiredEquipment>
            <RequiredEquipment>
                <Tag>doc_equipment</Tag>
            </RequiredEquipment>
            <RequiredEquipment>
                <Tag>clean_hands</Tag>
			</RequiredEquipment>
		</RequiredEquipmentList>
		
		<RequiredRoomTags>
			<Tag>examinations_basic_equipment</Tag>
		</RequiredRoomTags>

		<ProcedureScript>ProcedureScriptTreatmentProcedure</ProcedureScript>
		
		<AnimationSetupSitting>
			<AnimationNameIn>stand_press_bandage_hand_in</AnimationNameIn>
			<AnimationNameIdle>stand_press_bandage_hand_idle</AnimationNameIdle>
			<AnimationNameOut>stand_press_bandage_hand_out</AnimationNameOut>
        </AnimationSetupSitting>
		<AnimationSetupLying>
			<AnimationNameIn>stand_treatment_in</AnimationNameIn>
			<AnimationNameIdle>stand_treatment_idle</AnimationNameIdle>
			<AnimationNameOut>stand_treatment_out</AnimationNameOut>
		</AnimationSetupLying>

		<DressLevel>FULL</DressLevel>
		<DressLevelAfter>FULL</DressLevelAfter>
		</Procedure>
		
        <TreatmentType>PROCEDURE</TreatmentType>
        <Cost>50</Cost>
        <DurationHours>0</DurationHours>
		<IconIndex>1861</IconIndex>
		
		<CustomIconBigAssetRef>ASSET_PLAS_TRT_ICON_011</CustomIconBigAssetRef>
        <CustomIconSmallAssetRef>ASSET_PLAS_TRT_ICON_012</CustomIconSmallAssetRef>
		
    </GameDBTreatment>
	
</Database>
