<Database>
	<!-- ######################### -->
	<!-- Plastic Surgery Mod by Sleepy068 -->
	<!--  -->
		
	<!-- Stock Symptoms to use (just remember to add these to surgery complications) -->
	<!-- 
		Numbness (SYM_NUMBNESS)
		Nausea (SYM_NAUSEA)
		Swelling (SYM_SWELLING)
		Brusie (SYM_BRUISE)
	-->
	
	<!-- ==================================================== -->
	<!-- ============= Plastic Surgery Symptoms ============= -->
	<!-- ==================================================== -->


	<!-- ========================================================= -->
	<!-- ============= Plastic Surgery Complications ============= -->
	<!-- ========================================================= -->
	
	<!-- ### Generic ### -->
	<!-- Undesired Results -->
	<GameDBSymptom ID="SYM_SLP_UNDESIRED_RESULTS">
	<DescriptionLocID>SYM_SLP_UNDESIRED_RESULTS_DESC</DescriptionLocID>
	<DiscomfortLevel>High</DiscomfortLevel>
	<PatientComplains>true</PatientComplains>
	<Hazard>Low</Hazard>
	<PatientMobility>MOBILE</PatientMobility>
	
	<Examinations>
		<ExaminationRef>EXM_INTERVIEW</ExaminationRef>
		<ExaminationRef>EXM_PHYSICAL_AND_VISUAL_EXAMINATION</ExaminationRef>
	</Examinations>
	
	<Treatments>
		<TreatmentRef>TRT_SLP_CORRECTIVE_SURGERY</TreatmentRef>
	</Treatments>
	
	<ShameLevel>0</ShameLevel>
	<IsMainSymptom>false</IsMainSymptom>
	<IconIndex>1</IconIndex>
	
	<CustomIconBigAssetRef>ASSET_PLAS_SYM_ICON_007</CustomIconBigAssetRef>
	<CustomIconSmallAssetRef>ASSET_PLAS_SYM_ICON_008</CustomIconSmallAssetRef>
	
	</GameDBSymptom>
	
	<!-- Significant Scar Tissue -->
	<GameDBSymptom ID="SYM_SLP_S_SCAR_TISSUE">
	<DescriptionLocID>SYM_SLP_S_SCAR_TISSUE_DESC</DescriptionLocID>
	<DiscomfortLevel>High</DiscomfortLevel>
	<PatientComplains>true</PatientComplains>
	<Hazard>Low</Hazard>
	<PatientMobility>MOBILE</PatientMobility>
	
	<Examinations>
		<ExaminationRef>EXM_INTERVIEW</ExaminationRef>
		<ExaminationRef>EXM_PHYSICAL_AND_VISUAL_EXAMINATION</ExaminationRef>
	</Examinations>
	
	<Treatments>
		<TreatmentRef>TRT_SLP_PLAS_SCAR_REVISION_SURGERY</TreatmentRef>
	</Treatments>
	
	<ShameLevel>15</ShameLevel>
	<IsMainSymptom>false</IsMainSymptom>
	
	<CustomIconBigAssetRef>ASSET_PLAS_SYM_ICON_015</CustomIconBigAssetRef>
	<CustomIconSmallAssetRef>ASSET_PLAS_SYM_ICON_016</CustomIconSmallAssetRef>
	
	<IconIndex>1</IconIndex>
	
	</GameDBSymptom>
	
	<!-- Nerve Damage -->
	<GameDBSymptom ID="SYM_SLP_PLAS_NERVE_DAMAGE">
	<DescriptionLocID>SYM_SLP_PLAS_NERVE_DAMAGE_DESC</DescriptionLocID>
	<DiscomfortLevel>High</DiscomfortLevel>
	<PatientComplains>true</PatientComplains>
	<Hazard>Medium</Hazard>
	<PatientMobility>MOBILE</PatientMobility>
	
	<Examinations>
		<ExaminationRef>EXM_INTERVIEW</ExaminationRef>
		<ExaminationRef>EXM_PHYSICAL_AND_VISUAL_EXAMINATION</ExaminationRef>
	</Examinations>
	
	<Treatments>
		<TreatmentRef>TRT_SLP_PLAS_NERVE_DECOM_SURGERY</TreatmentRef>
	</Treatments>
	
	<ShameLevel>0</ShameLevel>
	<IsMainSymptom>false</IsMainSymptom>
	
	<IconIndex>1</IconIndex>
	
	<CustomIconBigAssetRef>ASSET_PLAS_SYM_ICON_003</CustomIconBigAssetRef>
	<CustomIconSmallAssetRef>ASSET_PLAS_SYM_ICON_004</CustomIconSmallAssetRef>
	
	</GameDBSymptom>
	
	<!-- ### Breast Surgery Focus ### -->
	<!-- Capsular Contracture (The formation of tight scar tissue around the implant) -->
	<GameDBSymptom ID="SYM_SLP_B_CAPSULAR">
	<DescriptionLocID>SYM_SLP_B_CAPSULAR_DESC</DescriptionLocID>
	<DiscomfortLevel>High</DiscomfortLevel>
	<PatientComplains>true</PatientComplains>
	<Hazard>Low</Hazard>
	<PatientMobility>MOBILE</PatientMobility>
	
	<Examinations>
		<ExaminationRef>EXM_INTERVIEW</ExaminationRef>
		<ExaminationRef>EXM_PHYSICAL_AND_VISUAL_EXAMINATION</ExaminationRef>
	</Examinations>
	
	<Treatments>
		<TreatmentRef>TRT_SLP_PLAS_CAPSULECTOMY</TreatmentRef>
	</Treatments>
	
	<ShameLevel>20</ShameLevel>
	<IsMainSymptom>false</IsMainSymptom>
	
	<CustomIconBigAssetRef>ASSET_PLAS_SYM_ICON_017</CustomIconBigAssetRef>
	<CustomIconSmallAssetRef>ASSET_PLAS_SYM_ICON_018</CustomIconSmallAssetRef>
	
	<IconIndex>1</IconIndex>
	
	</GameDBSymptom>
	
	<!-- Breast Implant Infection -->
	<GameDBSymptom ID="SYM_SLP_BARSA_INFECTION">
	<DescriptionLocID>SYM_SLP_BARSA_INFECTION_DESC</DescriptionLocID>
	<DiscomfortLevel>High</DiscomfortLevel>
	<PatientComplains>false</PatientComplains>
	<Hazard>High</Hazard>
	
	<PatientMobility>IMOBILE</PatientMobility>
	
	<RiskOfCollapseStartHours>6</RiskOfCollapseStartHours>
	<RiskOfCollapseEndHours>24</RiskOfCollapseEndHours>
	<CollapseSymptomRef>SYM_SEPTIC_SHOCK</CollapseSymptomRef>
	
	<Examinations>
		<ExaminationRef>EXM_PHYSICAL_AND_VISUAL_EXAMINATION</ExaminationRef>
	</Examinations>
	
	<Treatments>
		<TreatmentRef>TRT_SLP_PLAS_IMPLANT_REMOVAL</TreatmentRef>
	</Treatments>
	
	<ShameLevel>20</ShameLevel>
	<IsMainSymptom>false</IsMainSymptom>
	
	<CustomIconBigAssetRef>ASSET_PLAS_SYM_ICON_019</CustomIconBigAssetRef>
	<CustomIconSmallAssetRef>ASSET_PLAS_SYM_ICON_020</CustomIconSmallAssetRef>
	
	<IconIndex>1</IconIndex>
	
	</GameDBSymptom>
					
	<!-- Breast Implant Extrusion -->	
	<GameDBSymptom ID="SYM_SLP_B_IMPLANT_EXTRUSION">
	<DescriptionLocID>SYM_SLP_B_IMPLANT_EXTRUSION_DESC</DescriptionLocID>
	<DiscomfortLevel>High</DiscomfortLevel>
	<PatientComplains>true</PatientComplains>
	<Hazard>Low</Hazard>
	<PatientMobility>MOBILE</PatientMobility>
	
	<RiskOfCollapseStartHours>6</RiskOfCollapseStartHours>
	<RiskOfCollapseEndHours>24</RiskOfCollapseEndHours>
	<CollapseSymptomRef>SYM_WOUND_INFECTION</CollapseSymptomRef>
	
	<Examinations>
		<ExaminationRef>EXM_INTERVIEW</ExaminationRef>
		<ExaminationRef>EXM_PHYSICAL_AND_VISUAL_EXAMINATION</ExaminationRef>
	</Examinations>
	
	<Treatments>
		<TreatmentRef>TRT_SLP_CORRECTIVE_SURGERY</TreatmentRef>
	</Treatments>
	
	<ShameLevel>20</ShameLevel>
	<IsMainSymptom>false</IsMainSymptom>
	
	<CustomIconBigAssetRef>ASSET_PLAS_SYM_ICON_023</CustomIconBigAssetRef>
	<CustomIconSmallAssetRef>ASSET_PLAS_SYM_ICON_024</CustomIconSmallAssetRef>
	
	<IconIndex>1</IconIndex>
	
	</GameDBSymptom>
	
	<!-- ### Nose Surgery Focus ### -->
	<!-- Nasal Septal Perforation -->
	<GameDBSymptom ID="SYM_SLP_NOSE_SEPTALPERF">
        <DescriptionLocID>SYM_SLP_NOSE_SEPTALPERF_DESC</DescriptionLocID>
        <DiscomfortLevel>High</DiscomfortLevel>
        <PatientComplains>true</PatientComplains>
        <Hazard>High</Hazard>
        <PatientMobility>MOBILE</PatientMobility>
		
		<RiskOfCollapseStartHours>6</RiskOfCollapseStartHours>
        <RiskOfCollapseEndHours>72</RiskOfCollapseEndHours>
        <CollapseSymptomRef>SYM_CRP_WOUND_INFECTION2</CollapseSymptomRef>
		
        <Examinations>
		    <ExaminationRef>EXM_INTERVIEW</ExaminationRef>
			<ExaminationRef>EXM_PHYSICAL_AND_VISUAL_EXAMINATION</ExaminationRef>
        </Examinations>
		
		<Treatments>
            <TreatmentRef>TRT_SLP_CORRECTIVE_SURGERY</TreatmentRef>
        </Treatments>
		
        <ShameLevel>0</ShameLevel>
        <IsMainSymptom>false</IsMainSymptom>
        <IconIndex>1</IconIndex>
		
		<CustomIconBigAssetRef>ASSET_PLAS_SYM_ICON_035</CustomIconBigAssetRef>
        <CustomIconSmallAssetRef>ASSET_PLAS_SYM_ICON_036</CustomIconSmallAssetRef>
		
		</GameDBSymptom>
	
	<!-- ### Eye Surgery Focus ### -->
	<!-- Globe Perforation -->
	<GameDBSymptom ID="SYM_SLP_EYE_GLOBE_PERFORATION">
	<DescriptionLocID>SYM_SLP_EYE_GLOBE_PERFORATION_DESC</DescriptionLocID>
	<DiscomfortLevel>High</DiscomfortLevel>
	<PatientComplains>true</PatientComplains>
	<Hazard>High</Hazard>
	<PatientMobility>MOBILE</PatientMobility>
	
	<RiskOfCollapseStartHours>4</RiskOfCollapseStartHours>
	<RiskOfCollapseEndHours>16</RiskOfCollapseEndHours>
	<CollapseSymptomRef>SYM_CRP_WOUND_INFECTION2</CollapseSymptomRef>
	
	<Examinations>
		<ExaminationRef>EXM_INTERVIEW</ExaminationRef>
		<ExaminationRef>EXM_PHYSICAL_AND_VISUAL_EXAMINATION</ExaminationRef>
	</Examinations>
	
	<Treatments>
		<TreatmentRef>TRT_SLP_PLAS_EMERG_REPAIR</TreatmentRef>
	</Treatments>
	
	<ShameLevel>0</ShameLevel>
	<IsMainSymptom>false</IsMainSymptom>
	<IconIndex>1</IconIndex>
	
	<CustomIconBigAssetRef>ASSET_PLAS_SYM_ICON_041</CustomIconBigAssetRef>
	<CustomIconSmallAssetRef>ASSET_PLAS_SYM_ICON_042</CustomIconSmallAssetRef>
	
	</GameDBSymptom>
	
	<!-- Unsatisfactory Eye Alignment -->
	<GameDBSymptom ID="SYM_SLP_EYE_UNDESIRED_RESULTS">
	<DescriptionLocID>SYM_SLP_EYE_UNDESIRED_RESULTS_DESC</DescriptionLocID>
	<DiscomfortLevel>High</DiscomfortLevel>
	<PatientComplains>true</PatientComplains>
	<Hazard>Low</Hazard>
	<PatientMobility>MOBILE</PatientMobility>
	
	<Examinations>
		<ExaminationRef>EXM_INTERVIEW</ExaminationRef>
		<ExaminationRef>EXM_PHYSICAL_AND_VISUAL_EXAMINATION</ExaminationRef>
	</Examinations>
	
	<Treatments>
		<TreatmentRef>TRT_SLP_CORRECTIVE_SURGERY</TreatmentRef>
	</Treatments>
	
	<ShameLevel>10</ShameLevel>
	<IsMainSymptom>false</IsMainSymptom>
	<IconIndex>1</IconIndex>
	
	<CustomIconBigAssetRef>ASSET_PLAS_SYM_ICON_043</CustomIconBigAssetRef>
	<CustomIconSmallAssetRef>ASSET_PLAS_SYM_ICON_044</CustomIconSmallAssetRef>
	
	</GameDBSymptom>
	
	<!-- Conjunctival Inclusion Cyst -->
	<GameDBSymptom ID="SYM_SLP_EYE_CIC">
	<DescriptionLocID>SYM_SLP_EYE_CIC_DESC</DescriptionLocID>
	<DiscomfortLevel>High</DiscomfortLevel>
	<PatientComplains>true</PatientComplains>
	<Hazard>Medium</Hazard>
	<PatientMobility>MOBILE</PatientMobility>
	
	<Examinations>
		<ExaminationRef>EXM_INTERVIEW</ExaminationRef>
		<ExaminationRef>EXM_PHYSICAL_AND_VISUAL_EXAMINATION</ExaminationRef>
	</Examinations>
	
	<Treatments>
		<TreatmentRef>TRT_SLP_CORRECTIVE_SURGERY</TreatmentRef>
	</Treatments>
	
	<ShameLevel>0</ShameLevel>
	<IsMainSymptom>false</IsMainSymptom>
	<IconIndex>1</IconIndex>
	
	<CustomIconBigAssetRef></CustomIconBigAssetRef>
	<CustomIconSmallAssetRef></CustomIconSmallAssetRef>
	
	</GameDBSymptom>
	
	<!-- Slipped Muscle -->
	<GameDBSymptom ID="SYM_SLP_EYE_SLIPPED_MUSCLE">
	<DescriptionLocID>SYM_SLP_EYE_SLIPPED_MUSCLE_DESC</DescriptionLocID>
	<DiscomfortLevel>High</DiscomfortLevel>
	<PatientComplains>false</PatientComplains>
	<Hazard>Medium</Hazard>
	<PatientMobility>MOBILE</PatientMobility>
	
	<Examinations>
		<ExaminationRef>EXM_PHYSICAL_AND_VISUAL_EXAMINATION</ExaminationRef>
		<ExaminationRef>EXM_MRI</ExaminationRef>
	</Examinations>
	
	<Treatments>
		<TreatmentRef>TRT_SLP_CORRECTIVE_SURGERY</TreatmentRef>
	</Treatments>
	
	<ShameLevel>0</ShameLevel>
	<IsMainSymptom>false</IsMainSymptom>
	<IconIndex>1</IconIndex>
	
	<CustomIconBigAssetRef>ASSET_PLAS_SYM_ICON_051</CustomIconBigAssetRef>
	<CustomIconSmallAssetRef>ASSET_PLAS_SYM_ICON_052</CustomIconSmallAssetRef>
	
	</GameDBSymptom>
	
		
	<!-- ======================================== -->
	<!-- ============= CRP Symptoms ============= -->
	<!-- ======================================== -->


	<!-- ============================================= -->
	<!-- ============= CRP Complications ============= -->
	<!-- ============================================= -->
			

</Database>
