<Database>
	<GameDBStringTable ID="LOC_ZH_ADDON_PLASTICS_SKILLS">
	
	<LanguageCode>zh-Hans</LanguageCode>
	<LanguageNameLocalized>简体中文</LanguageNameLocalized>
	<Contributors>
    <Name>LoiLok</Name>
	</Contributors>
        
	<LocalizedStrings>
            
<!-- ### Skills ### -->
			
	<GameDBLocalizedString>      
		<LocID>DPT_PLASTICS</LocID>                                          	
		<Text>整形外科</Text>  
	</GameDBLocalizedString>
	
	<GameDBLocalizedString>      
		<LocID>SKILL_DOC_SPEC_PLAS</LocID>                   
		<Text>整形外科医生（顾问）</Text>  
	</GameDBLocalizedString>
	
	<GameDBLocalizedString>      
		<LocID>SKILL_DOC_SPEC_PLAS_DESCR</LocID>                   
		<Text>整形外科提供了检测、诊断和治疗各种可能需要整形外科手术或处理整容手术的各种项目。</Text>  
	</GameDBLocalizedString>
	
	<GameDBLocalizedString>      
		<LocID>SKILL_DOC_SPEC_PLAS_SURGERY</LocID>                   
		<Text>整形外科医生</Text>  
	</GameDBLocalizedString>
	
	<GameDBLocalizedString>      
		<LocID>SKILL_DOC_SPEC_PLAS_SURGERY_DESCR</LocID>                   
		<Text>整形外科医生是专门从事侵入性美容（美学或与外观有关）和重建手术的医生。</Text>  
	</GameDBLocalizedString>

	<!-- ### ### -->
	<!-- ######################################## Vx.x.x.x Below ######################################## -->
	<!-- ### ### -->
	
	</LocalizedStrings>	
	</GameDBStringTable>
</Database>