<Database>

<GameDBStringTable ID="LOC_ZH_ADDON_PLAS_BUILDING_MODE">
<LanguageCode>zh-Hans</LanguageCode>
<LanguageNameLocalized>简体中文</LanguageNameLocalized>
<Contributors>
<Name>LoiLok</Name>
</Contributors>

<LocalizedStrings>
	<GameDBLocalizedString>      
		<LocID>ROOM_TYPE_PLAS_OFFICE</LocID>                          	
		<Text>整形外科办公室</Text>   
	</GameDBLocalizedString>
	<GameDBLocalizedString>      
		<LocID>ROOM_TYPE_PLAS_OFFICE_DESCRIPTION</LocID>              	
		<Text>专门从事整形外科的医生办公室。 员工要求：\n1x 医生</Text>  
	</GameDBLocalizedString>

	<GameDBLocalizedString>
		<LocID>ROOM_TYPE_INPATIENT_PLAS_OFFICE</LocID>                               
		<Text>诊断单元</Text>   
	</GameDBLocalizedString>
            
	<GameDBLocalizedString>      
		<LocID>ROOM_TYPE_INPATIENT_PLAS_OFFICE_DESC</LocID>                   
		<Text>整形外科部门的诊断部门为住院患者提供检查和治疗程序。 \ n \ n分钟。 员工要求：\ n1x医生\ n（值班室人员）</Text>
	</GameDBLocalizedString>
	
	<GameDBLocalizedString>      
		<LocID>OBJECT_DECAL_MOD_PLAS</LocID>       			
		<Text>整形外科 A</Text>  
	</GameDBLocalizedString>
			
    <GameDBLocalizedString>      
		<LocID>OBJECT_DECAL_PLAS_DESC</LocID>       
		<Text>墙贴</Text>  
	</GameDBLocalizedString>

	<!-- ### ### -->
	<!-- ######################################## Content for VX Added Below ######################################## -->
	<!-- ### ### -->

</LocalizedStrings>
</GameDBStringTable>
</Database>