<Database>
	<!-- Plastic Surgery Mod by Sleepy068 -->
    <GameDBStringTable ID="LOC_ZH_ADDON_PLASTICS_EXAMINATIONS">

        <LanguageCode>zh-Hans</LanguageCode>
        <LanguageNameLocalized>简体中文</LanguageNameLocalized>

        <Contributors>
            <Name>LoiLok</Name>
        </Contributors>

        <LocalizedStrings>
            
			<!-- ### ### -->
			<!-- ######################################## Content for V.X Added Below ######################################## -->
			<!-- ### ### -->

</LocalizedStrings>
</GameDBStringTable>
</Database>