<Database>
	<!-- Plastic Surgery Mod by Sleepy068 -->
    <GameDBStringTable ID="LOC_ES_ADDON_PLASTICS_EXAMINATIONS">

        <LanguageCode>es</LanguageCode>
        <LanguageNameLocalized>Español</LanguageNameLocalized>

        <Contributors>
            <Name>Srmojon</Name>
        </Contributors>

        <LocalizedStrings>
            
			<!-- ### ### -->
			<!-- ######################################## Content for V.X Added Below ######################################## -->
			<!-- ### ### -->

</LocalizedStrings>
</GameDBStringTable>
</Database>