<Database>
	<GameDBStringTable ID="LOC_ES_ADDON_PLASTICS_SKILLS">
	
	<LanguageCode>es</LanguageCode>
	<LanguageNameLocalized>Español</LanguageNameLocalized>
	<Contributors>
    <Name>Srmojon</Name>
	</Contributors>
        
	<LocalizedStrings>
            
<!-- ### Skills ### -->
			
	<GameDBLocalizedString>      
		<LocID>DPT_PLASTICS</LocID>                                          	
		<Text>Cirugía Plástica</Text>  
	</GameDBLocalizedString>
	
	<GameDBLocalizedString>      
		<LocID>SKILL_DOC_SPEC_PLAS</LocID>                   
		<Text>Cirujano Plástico (consulta)</Text>  
	</GameDBLocalizedString>
	
	<GameDBLocalizedString>      
		<LocID>SKILL_DOC_SPEC_PLAS_DESCR</LocID>                   
		<Text>La Cirugía Plástica brinda acceso a procedimientos especializados para detectar, diagnosticar y tratar diversas afecciones que pueden requerir una invención quirúrgica reconstructiva o procesar solicitudes de cirugía estética.</Text>  
	</GameDBLocalizedString>
	
	<GameDBLocalizedString>      
		<LocID>SKILL_DOC_SPEC_PLAS_SURGERY</LocID>                   
		<Text>Cirujano Plástico Especialista</Text>  
	</GameDBLocalizedString>
	
	<GameDBLocalizedString>      
		<LocID>SKILL_DOC_SPEC_PLAS_SURGERY_DESCR</LocID>                   
		<Text>Un cirujano plástico es un médico que se especializa en cirugía cosmética invasiva (estética o relacionada con la apariencia) y reconstructiva.</Text>  
	</GameDBLocalizedString>

	<!-- ### ### -->
	<!-- ######################################## Vx.x.x.x Below ######################################## -->
	<!-- ### ### -->
	
	</LocalizedStrings>	
	</GameDBStringTable>
</Database>