<Database>
	<GameDBStringTable ID="LOC_EN_ADDON_PLASTICS_SKILLS">
	
	<LanguageCode>en</LanguageCode>
	<LanguageNameLocalized>English</LanguageNameLocalized>
	<Contributors>
    <Name>Sleepy068</Name>
	</Contributors>
        
	<LocalizedStrings>
            
<!-- ### Skills ### -->
			
	<GameDBLocalizedString>      
		<LocID>DPT_PLASTICS</LocID>                                          	
		<Text>Plastic Surgery</Text>  
	</GameDBLocalizedString>
	
	<GameDBLocalizedString>      
		<LocID>SKILL_DOC_SPEC_PLAS</LocID>                   
		<Text>Plastic Surgeon (Consultant)</Text>  
	</GameDBLocalizedString>
	
	<GameDBLocalizedString>      
		<LocID>SKILL_DOC_SPEC_PLAS_DESCR</LocID>                   
		<Text>Plastic Surgery gives access to specialized procedures for detecting, diagnosing and treating various conditions that may require reconstructive surgical invention or processing cosmetic surgery requests.</Text>  
	</GameDBLocalizedString>
	
	<GameDBLocalizedString>      
		<LocID>SKILL_DOC_SPEC_PLAS_SURGERY</LocID>                   
		<Text>Specialist Plastic Surgeon</Text>  
	</GameDBLocalizedString>
	
	<GameDBLocalizedString>      
		<LocID>SKILL_DOC_SPEC_PLAS_SURGERY_DESCR</LocID>                   
		<Text>A plastic surgeon is a doctor who specialises in invasive cosmetic (aesthetic or appearance-related) and reconstructive surgery.</Text>  
	</GameDBLocalizedString>

	<!-- ### ### -->
	<!-- ######################################## Vx.x.x.x Below ######################################## -->
	<!-- ### ### -->
	
	</LocalizedStrings>	
	</GameDBStringTable>
</Database>