<Database>
	<!-- Plastic Surgery Mod by Sleepy068 -->
	<GameDBStringTable ID="LOC_EN_ADDON_PLASTICS_SYMPTOMS_MAIN">
	<LanguageCode>en</LanguageCode>
	<LanguageNameLocalized>English</LanguageNameLocalized>
	<Contributors>
	<Name>Sleepy068</Name>
	</Contributors>

	<LocalizedStrings>
	<!-- =========================================== -->
	<!-- ============= Plastic Surgery ============= -->
	<!-- =========================================== -->
	<!-- ================= Cosmetic ================ -->
	<GameDBLocalizedString>      
		<LocID>SYM_PLAS_C001_V2</LocID>                                          	
		<Text>Patient Request (Breast Augmentation)</Text>  
	</GameDBLocalizedString>
	
	<GameDBLocalizedString>      
		<LocID>SYM_PLAS_C001_DESC</LocID>                   
		<Text>The patient has expressed that they want a Cosmetic Breast Augmentation to enhance their appearance.</Text>  
	</GameDBLocalizedString>	
	
	<GameDBLocalizedString>      
		<LocID>SYM_PLAS_C002_V2</LocID>                                          	
		<Text>Patient Request (Liposuction)</Text>  
	</GameDBLocalizedString>
	
	<GameDBLocalizedString>      
		<LocID>SYM_PLAS_C002_DESC</LocID>                   
		<Text>The patient has expressed that they want Liposuction to enhance their appearance.</Text>  
	</GameDBLocalizedString>	
	
	<GameDBLocalizedString>      
		<LocID>SYM_PLAS_C003_V2</LocID>                                          	
		<Text>Patient Request (Augmentation Rhinoplasty)</Text>  
	</GameDBLocalizedString>
	
	<GameDBLocalizedString>      
		<LocID>SYM_PLAS_C003_DESC</LocID>                   
		<Text>The patient has expressed that they want Augmentation Rhinoplasty to enhance their appearance.</Text>  
	</GameDBLocalizedString>

	<GameDBLocalizedString>      
		<LocID>SYM_PLAS_C004_V2</LocID>                               
		<Text>Patient Request (Hair Transplant)</Text>  
	</GameDBLocalizedString>
            
	<GameDBLocalizedString>      
		<LocID>SYM_PLAS_C004_DESC</LocID>                   
		<Text>The patient has expressed that they want a Hair Transplant to enhance their appearance.</Text>  
	</GameDBLocalizedString>
	
	<GameDBLocalizedString>      
		<LocID>SYM_PLAS_C005</LocID>                               
		<Text>Patient Request (Chemical Peel)</Text>  
	</GameDBLocalizedString>
            
	<GameDBLocalizedString>      
		<LocID>SYM_PLAS_C005_DESC</LocID>                   
		<Text>The patient has expressed that they want a Chemical Peel to enhance their appearance. The patient wishes to only have a light peel, so nothing too taxing on the skin or requiring long term treatment.</Text>  
	</GameDBLocalizedString>
	
	<GameDBLocalizedString>      
		<LocID>SYM_PLAS_C006</LocID>                                          	
		<Text>Patient Request (Spider Veins)</Text>  
	</GameDBLocalizedString>
	
	<GameDBLocalizedString>      
		<LocID>SYM_PLAS_C006_DESC</LocID>                   
		<Text>The patient has expressed that they want a procedure to remove spider veins (Telangiectasias) from a part or parts of their body to enhance their appearance.</Text>  
	</GameDBLocalizedString>

	<GameDBLocalizedString>      
		<LocID>SYM_PLAS_C007</LocID>                               
		<Text>Patient Request (Skin Conditioning)</Text>  
	</GameDBLocalizedString>
            
	<GameDBLocalizedString>      
		<LocID>SYM_PLAS_C007_DESC</LocID>                   
		<Text>The patient has expressed that they want botox injections to help condition their skin and enhance their appearance.</Text>  
	</GameDBLocalizedString>
	
	<GameDBLocalizedString>      
		<LocID>SYM_PLAS_C008</LocID>                               
		<Text>Patient Request (Skin Conditioning)</Text>  
	</GameDBLocalizedString>
            
	<GameDBLocalizedString>      
		<LocID>SYM_PLAS_C008_DESC</LocID>                   
		<Text>The patient has expressed that they want dermal filler injections to help condition their skin and enhance their appearance.</Text>  
	</GameDBLocalizedString>
	
	<GameDBLocalizedString>      
		<LocID>SYM_PLAS_C009</LocID>                               
		<Text>Patient Request (Skin Rejuvenation)</Text>  
	</GameDBLocalizedString>
            
	<GameDBLocalizedString>      
		<LocID>SYM_PLAS_C009_DESC</LocID>                   
		<Text>The patient has expressed that they want a laser resurfacing procedure to help rejuvenation their skin and enhance their appearance.</Text>  
	</GameDBLocalizedString>
	
	<!-- ================= Reconstructive ================ -->
	<GameDBLocalizedString>      
		<LocID>SYM_PLAS_R001</LocID>                                          	
		<Text>Blepharospam (Evaluation)</Text>  
	</GameDBLocalizedString>
	
	<GameDBLocalizedString>      
		<LocID>SYM_PLAS_R001_DESC</LocID>                   
		<Text>There is no particular test for blepharospasm. Diagnosis relies on physical examination, medical history and ruling out other possible causes. The doctor has evaluated the patient's symptoms and determined the diagnosis is indeed blepharospasm.</Text>  
	</GameDBLocalizedString>

	<GameDBLocalizedString>      
		<LocID>SYM_PLAS_R002_V2</LocID>                                          	
		<Text>Misaligned Eyes</Text>  
	</GameDBLocalizedString>
	
	<GameDBLocalizedString>      
		<LocID>SYM_PLAS_R002_DESC</LocID>                   
		<Text>The patient has been confirmed to have misaligned eyes.</Text>  
	</GameDBLocalizedString>
	
	<GameDBLocalizedString>      
		<LocID>SYM_PLAS_R003</LocID>                                          	
		<Text>Simple Varicose Veins</Text>  
	</GameDBLocalizedString>
	
	<GameDBLocalizedString>      
		<LocID>SYM_PLAS_R003_DESC</LocID>                   
		<Text>The patient has varicose veins but fortunately they appear to be rather simple and lack the signs or symptoms of a more serious diagnosis. Varicose veins that cause symptoms should not be ignored and treated promptly to prevent patient discomfort and to help prevent future issues.</Text>  
	</GameDBLocalizedString>

	<GameDBLocalizedString>      
		<LocID>SYM_PLAS_R004_M</LocID>                                          	
		<Text>Permanently Bent Finger</Text>  
	</GameDBLocalizedString>
	
	<GameDBLocalizedString>      
		<LocID>SYM_PLAS_R004_F</LocID>                                          	
		<Text>Permanently Bent Finger</Text>  
	</GameDBLocalizedString>
	
	<GameDBLocalizedString>      
		<LocID>SYM_PLAS_R004_DESC</LocID>                   
		<Text>The patient's finger is permanently bent inwards towards the palm. The bending is a result of thick tissue forcing the finger into a contractured position. Evaluation suggests this is the cause of a Dupuytren’s Contracture.</Text>  
	</GameDBLocalizedString>
	
	<GameDBLocalizedString>      
		<LocID>SYM_PLAS_R005</LocID>                                          	
		<Text>Hypertrophic Scarring</Text>  
	</GameDBLocalizedString>
	
	<GameDBLocalizedString>      
		<LocID>SYM_PLAS_R005_DESC</LocID>                   
		<Text>The patient has presented with Hypertrophic Scarring that is giving them some degree of discomfort. While these scars aren’t dangerous or life-threatening correcting the discomfort will help enhance the patient's quality of life.</Text>  
	</GameDBLocalizedString>
	
	<GameDBLocalizedString>      
		<LocID>SYM_PLAS_R006</LocID>                                          	
		<Text>Keloid Scarring</Text>  
	</GameDBLocalizedString>
	
	<GameDBLocalizedString>      
		<LocID>SYM_PLAS_R006_DESC</LocID>                   
		<Text>The patient has presented with Keloid Scarring that is giving them some degree of discomfort. While these scars aren’t dangerous or life-threatening correcting the discomfort will help enhance the patient's quality of life.</Text>  
	</GameDBLocalizedString>	
	
	<!-- ================= Reconstructive Trauma ================ -->
	<GameDBLocalizedString>      
		<LocID>SYM_PLAS_RT001_V2</LocID>                                          	
		<Text>Loss of Digit</Text>  
	</GameDBLocalizedString>
	
	<GameDBLocalizedString>      
		<LocID>SYM_PLAS_RT001_DESC</LocID>                   
		<Text>One of the patient's digits has been amputated due to an accident or injury.</Text>  
	</GameDBLocalizedString>
				
	<!-- ================================================== -->
	<!-- ============= Plastic Surgery v1.0.6 ============= -->
	<!-- ================================================== -->
	<!-- ================= Cosmetic ================ -->
	<GameDBLocalizedString>      
		<LocID>SYM_PLAS_C010</LocID>                         
		<Text>Patient Request (Mastopexy)</Text>	
	</GameDBLocalizedString>
	
	<GameDBLocalizedString>      
		<LocID>SYM_PLAS_C010_DESC</LocID>                         
		<Text>The patient has expressed that they want a Mastopexy to enhance their appearance.</Text>	
	</GameDBLocalizedString>
	
	<GameDBLocalizedString>      
		<LocID>SYM_PLAS_C011</LocID>                         
		<Text>Patient Request (Septoplasty)</Text>	
	</GameDBLocalizedString>
	
	<GameDBLocalizedString>      
		<LocID>SYM_PLAS_C011_DESC</LocID>                         
		<Text>The patient has expressed that they want a Septoplasty to enhance their appearance.</Text>	
	</GameDBLocalizedString>
	
	<!-- ================= Checkups ================ -->
	<GameDBLocalizedString>      
		<LocID>SYM_PLAS_CKU001</LocID>                         
		<Text>Checkup (Breast Augmentation)</Text>	
	</GameDBLocalizedString>
	
	<GameDBLocalizedString>      
		<LocID>SYM_PLAS_CKU001_DESC</LocID>                         
		<Text>The patient has a scheduled appointment with their doctor to follow up their recent Breast Augmentation surgery.</Text>	
	</GameDBLocalizedString>
	
	<GameDBLocalizedString>      
		<LocID>SYM_PLAS_CKU002</LocID>                         
		<Text>Checkup (Augmentation Rhinoplasty)</Text>	
	</GameDBLocalizedString>
	
	<GameDBLocalizedString>      
		<LocID>SYM_PLAS_CKU002_DESC</LocID>                         
		<Text>The patient has a scheduled appointment with their doctor to follow up their recent Augmentation Rhinoplasty surgery.</Text>	
	</GameDBLocalizedString>
	
	<GameDBLocalizedString>      
		<LocID>SYM_PLAS_CKU003</LocID>                         
		<Text>Checkup (Liposuction)</Text>	
	</GameDBLocalizedString>
	
	<GameDBLocalizedString>      
		<LocID>SYM_PLAS_CKU003_DESC</LocID>                         
		<Text>The patient has a scheduled appointment with their doctor to follow up their recent Liposuction surgery.</Text>	
	</GameDBLocalizedString>
	
	<GameDBLocalizedString>      
		<LocID>SYM_PLAS_CKU004</LocID>                         
		<Text>Checkup (Mastopexy)</Text>	
	</GameDBLocalizedString>
	
	<GameDBLocalizedString>      
		<LocID>SYM_PLAS_CKU004_DESC</LocID>                         
		<Text>The patient has a scheduled appointment with their doctor to follow up their recent Mastopexy surgery.</Text>	
	</GameDBLocalizedString>
	
	<GameDBLocalizedString>      
		<LocID>SYM_PLAS_CKU005</LocID>                         
		<Text>Checkup (Septoplasty)</Text>	
	</GameDBLocalizedString>
	
	<GameDBLocalizedString>      
		<LocID>SYM_PLAS_CKU005_DESC</LocID>                         
		<Text>The patient has a scheduled appointment with their doctor to follow up their recent Septoplasty surgery.</Text>	
	</GameDBLocalizedString>
	
	<!-- ================= Reconstructive ================ -->
	<GameDBLocalizedString>      
		<LocID>SYM_PLAS_R008</LocID>                         
		<Text>Nasal Deformities</Text>	
	</GameDBLocalizedString>
	
	<GameDBLocalizedString>      
		<LocID>SYM_PLAS_R008_DESC</LocID>                         
		<Text>The patient has nasal deformities that effect the aesthetics and functions of the nose.</Text>	
	</GameDBLocalizedString>
	
	<!-- ================= Reconstructive Trauma ================ -->
	<GameDBLocalizedString>      
		<LocID>SYM_PLAS_RT002</LocID>                         
		<Text>Amputated Toe</Text>	
	</GameDBLocalizedString>
	
	<GameDBLocalizedString>      
		<LocID>SYM_PLAS_RT002_DESC</LocID>                         
		<Text>One of the patient's toes has been amputated due to an accident or injury.</Text>	
	</GameDBLocalizedString>
	
	<GameDBLocalizedString>      
		<LocID>SYM_PLAS_RT003</LocID>                         
		<Text>Irreparable Ocular Trauma</Text>	
	</GameDBLocalizedString>
	
	<GameDBLocalizedString>      
		<LocID>SYM_PLAS_RT003_DESC</LocID>                         
		<Text>One of the patient's eyes has been all but obliterated and will not be able to be recovered.</Text>	
	</GameDBLocalizedString>
	
	<!-- ================================================== -->
	<!-- ============= Plastic Surgery v1.0.7 ============= -->
	<!-- ================================================== -->
	
	<GameDBLocalizedString>      
		<LocID>SYM_PLAS_C012</LocID>                         
		<Text>Patient Request (Cheek Augmentation)</Text>	
	</GameDBLocalizedString>
	
	<GameDBLocalizedString>      
		<LocID>SYM_PLAS_C012_DESC</LocID>                         
		<Text>The patient has expressed that they want a Cheek Augmentation to enhance their appearance.</Text>	
	</GameDBLocalizedString>
	
	<GameDBLocalizedString>      
		<LocID>SYM_PLAS_C013</LocID>                         
		<Text>Patient Request (Abdominoplasty)</Text>	
	</GameDBLocalizedString>
	
	<GameDBLocalizedString>      
		<LocID>SYM_PLAS_C013_DESC</LocID>                         
		<Text>The patient has expressed that they want a Abdominoplasty to enhance their appearance.</Text>	
	</GameDBLocalizedString>
	
	<GameDBLocalizedString>      
		<LocID>SYM_PLAS_R009</LocID>                                          	
		<Text>Complex Varicose Veins</Text>  
	</GameDBLocalizedString>
	
	<GameDBLocalizedString>      
		<LocID>SYM_PLAS_R009_DESC</LocID>                   
		<Text>The patient has varicose veins and unfortunately they appear to be rather complex and have the signs or symptoms of a more serious diagnosis. Varicose veins that cause symptoms should not be ignored and treated promptly to prevent patient discomfort and to help prevent future issues.</Text>  
	</GameDBLocalizedString>
	
	<GameDBLocalizedString>      
		<LocID>SYM_PLAS_R010</LocID>                                          	
		<Text>Venous Ulceration</Text>  
	</GameDBLocalizedString>
	
	<GameDBLocalizedString>      
		<LocID>SYM_PLAS_R010_DESC</LocID>                   
		<Text>The patient has an abnormal wound caused by damaged veins.</Text>  
	</GameDBLocalizedString>
	
	<GameDBLocalizedString>      
		<LocID>SYM_PLAS_CKU006</LocID>                         
		<Text>Checkup (Cheek Augmentation)</Text>	
	</GameDBLocalizedString>
	
	<GameDBLocalizedString>      
		<LocID>SYM_PLAS_CKU006_DESC</LocID>                         
		<Text>The patient has a scheduled appointment with their doctor to follow up their recent Cheek Augmentation surgery.</Text>	
	</GameDBLocalizedString>
	
	<GameDBLocalizedString>      
		<LocID>SYM_PLAS_CKU007</LocID>                         
		<Text>Checkup (Abdominoplasty)</Text>	
	</GameDBLocalizedString>
	
	<GameDBLocalizedString>      
		<LocID>SYM_PLAS_CKU007_DESC</LocID>                         
		<Text>The patient has a scheduled appointment with their doctor to follow up their recent Abdominoplasty surgery.</Text>	
	</GameDBLocalizedString>
	
	<!--
	Translators, please ignore this:
	Used to quickly add new localisation to the mod 
	
	<GameDBLocalizedString>      
		<LocID>XYZ</LocID>                         
		<Text></Text>	
	</GameDBLocalizedString>
	
	<GameDBLocalizedString>      
		<LocID>XYZ_DESC</LocID>                         
		<Text></Text>	
	</GameDBLocalizedString>
	-->

	
	</LocalizedStrings>
	</GameDBStringTable>
</Database>