<Database>
	<!-- Plastic Surgery Mod by Sleepy068 -->
	<GameDBStringTable ID="LOC_EN_ADDON_PLASTICS_TREATMENTS">
	<LanguageCode>en</LanguageCode>
	<LanguageNameLocalized>English</LanguageNameLocalized>
	<Contributors>
	<Name>Sleepy068</Name>
	</Contributors>

	<LocalizedStrings>
	<!-- ================================================== -->
	<!-- ============= Plastic Surgery v1.0.6 ============= -->
    <!-- =================== CRP EXPORT =================== -->
	<!-- ================================================== -->
	
	<GameDBLocalizedString>      
		<LocID>TRT_CRP_HOSPITALISEDMONTIOR_L1</LocID>                         
		<Text>Hospitalised Monitoring (Short)</Text>	
	</GameDBLocalizedString>
	
	<GameDBLocalizedString>      
		<LocID>TRT_CRP_HOSPITALISEDMONTIOR_L1_DESC</LocID>                         
		<Text>Watch and wait monitoring of a patient's condition from the hospital. This allows for quicker response to issues and be necessary for high risk complications that arise from symptoms or treatments.</Text>	
	</GameDBLocalizedString>
	
	<GameDBLocalizedString>      
		<LocID>TRT_CRP_HOSPITALISEDMONTIOR_L2</LocID>                         
		<Text>Hospitalised Monitoring (Moderate)</Text>	
	</GameDBLocalizedString>
	
	<GameDBLocalizedString>      
		<LocID>TRT_CRP_HOSPITALISEDMONTIOR_L2_DESC</LocID>                         
		<Text>Watch and wait monitoring of a patient's condition from the hospital. This allows for quicker response to issues and be necessary for high risk complications that arise from symptoms or treatments.</Text>	
	</GameDBLocalizedString>
	
	<GameDBLocalizedString>      
		<LocID>TRT_CRP_HOSPITALISEDMONTIOR_L3</LocID>                         
		<Text>Hospitalised Monitoring (Lengthy)</Text>	
	</GameDBLocalizedString>
	
	<GameDBLocalizedString>      
		<LocID>TRT_CRP_HOSPITALISEDMONTIOR_L3_DESC</LocID>                         
		<Text>Watch and wait monitoring of a patient's condition from the hospital. This allows for quicker response to issues and be necessary for high risk complications that arise from symptoms or treatments.</Text>	
	</GameDBLocalizedString>
	
	<GameDBLocalizedString>      
		<LocID>TRT_CRP_SHALLOWDEBRISREMOVAL</LocID>                         
		<Text>Shallow Debris Removal</Text>	
	</GameDBLocalizedString>
	
	<GameDBLocalizedString>      
		<LocID>TRT_CRP_SHALLOWDEBRISREMOVAL_DESC</LocID>                         
		<Text>Removal of shallow debris and foreign objects embedded in the patient's skin or face and disinfecting the effected areas.</Text>	
	</GameDBLocalizedString>
	
	<!--
	Translators, please ignore this:
	Used to quickly add new localisation to the mod 
	
	<GameDBLocalizedString>      
		<LocID>XYZ</LocID>                         
		<Text></Text>	
	</GameDBLocalizedString>
	
	<GameDBLocalizedString>      
		<LocID>XYZ_DESC</LocID>                         
		<Text></Text>	
	</GameDBLocalizedString>
	-->
		
	</LocalizedStrings>
	</GameDBStringTable>
</Database>
