<Database>
	<!-- Plastic Surgery Mod by Sleepy068 -->
    <GameDBStringTable ID="LOC_EN_ADDON_PLASTICS_EXAMINATIONS">

        <LanguageCode>en</LanguageCode>
        <LanguageNameLocalized>Français</LanguageNameLocalized>

        <Contributors>
            <Name>blackstar91560fr</Name>
        </Contributors>

        <LocalizedStrings>
            
			<!-- ### ### -->
			<!-- ######################################## Content for V.X Added Below ######################################## -->
			<!-- ### ### -->

</LocalizedStrings>
</GameDBStringTable>
</Database>