<Database>
	<!-- Plastic Surgery Mod by Sleepy068 -->
	<GameDBStringTable ID="LOC_EN_ADDON_PLASTICS_TREATMENTS">
	<LanguageCode>en</LanguageCode>
	<LanguageNameLocalized>Français</LanguageNameLocalized>
	<Contributors>
	<Name>blackstar91560fr</Name>
	</Contributors>

	<LocalizedStrings>
	<!-- Plastic Surgery Mod -->
		<GameDBLocalizedString>      
			<LocID>TRT_SLP_AUGMENTATION_MAMMOPLASTY</LocID>                         
			<Text>Mammoplastie d'augmentation</Text>	
		</GameDBLocalizedString>
		
		<GameDBLocalizedString>      
			<LocID>TRT_SLP_AUGMENTATION_MAMMOPLASTY_DESC</LocID>                         
			<Text>La mammoplastie d'augmentation est une technique d'intervention esthétique en utilisant des implants mammairs et des greffes de graisse pour augmenter la taille, changer la forme, et modifier la texture de la poitrine d'une femme.  \n\nSalle requise: Bloc opératoire du département de Chirurgie Plastique.</Text>	
		</GameDBLocalizedString>
		
		<GameDBLocalizedString>      
			<LocID>TRT_SLP_PLAS_NERVE_DECOM_SURGERY</LocID>                                    	
			<Text>Chirurgie de reconstruction nerveuse</Text>
		</GameDBLocalizedString>

		<GameDBLocalizedString>      
			<LocID>TRT_SLP_PLAS_NERVE_DECOM_SURGERY_DESC</LocID>                        	
			<Text>La chirurgie de reconstruction nerveuse implique une exploration du nerf lésé et la résection de tissus lésés ou de cicatrices sur la terminaison des nerfs. Après cela, un nerf peut directement être reconnecté si il y a assez de longueur sur la fin	pour permettre une réparation de bonne qualité.  \n\nSalle requise: Bloc opératoire du département de Neurochirurgie.</Text>  
		</GameDBLocalizedString>
		
		<GameDBLocalizedString>      
			<LocID>TRT_SLP_CORRECTIVE_SURGERY</LocID>                                    	
			<Text>Chirurgie correctrice</Text>  
		</GameDBLocalizedString>

		<GameDBLocalizedString>      
			<LocID>TRT_SLP_CORRECTIVE_SURGERY_DESC</LocID>                        	
			<Text>C'est commun que les patient demande une chirurgie correctice, cette demande est portée par des complications liées à une chirurgie précédente.  \n\nSalle requise: Bloc opératoire du département de Chirurgie Plastique.</Text>  
		</GameDBLocalizedString>
		
		<GameDBLocalizedString>      
			<LocID>TRT_SLP_PLAS_SCAR_REVISION_SURGERY</LocID>                                    	
			<Text>Chirurgie de réparation de cicatrice</Text>  
		</GameDBLocalizedString>

		<GameDBLocalizedString>      
			<LocID>TRT_SLP_PLAS_SCAR_REVISION_SURGERY_DESC</LocID>                        	
			<Text>La chirurgie de réparation de cicatrice est mise en place pour améliorer et réduire l'apparence des cicatrices. Cela restore aussi la fonction et corrige les changements cutanés causés par une blessure ou une chirurgie précédente.  \n\nSalle requise: Bloc opératoire du département de Chirurgie Plastique.</Text>  
		</GameDBLocalizedString>
		
		<GameDBLocalizedString>      
			<LocID>TRT_SLP_PLAS_IMPLANT_REMOVAL</LocID>                                    	
			<Text>Retrait d'implant mammaire</Text>  
		</GameDBLocalizedString>

		<GameDBLocalizedString>      
			<LocID>TRT_SLP_PLAS_IMPLANT_REMOVAL_DESC</LocID>                        	
			<Text>L'infection des implants mammaires sont fréquemment causé par des Staphylocoques dorés. Les bacilles gram négatifs sont rarement rapportés dans les infections d'implants mammaires. Bien que rares, les infections de ce type requierent généralement le retraire des implants. Cette chirurgie retire les implants et nettoient les tissus autour.  \n\nRequired room: Operating room at Plastic Surgery dpt.</Text>  
		</GameDBLocalizedString>
		
		<GameDBLocalizedString>      
			<LocID>TRT_SLP_PLAS_CAPSULECTOMY</LocID>                                    	
			<Text>Capsulectomie</Text>  
		</GameDBLocalizedString>

		<GameDBLocalizedString>      
			<LocID>TRT_SLP_PLAS_CAPSULECTOMY_DESC</LocID>                        	
			<Text>La capsulectomie est la résection chirurgicale de tissu cicatriciel qui s'est épaissi et durci autour de l'implant mammaire. La capsule est composée de fibroblastes, collagène et vaisseaux sanguins. Effectuer une capsulectomie devrait alléger l'incofort de la patiente et améliorer l'apparence et la texture de la poitrine.  \n\nSalle requise: Bloc opératoire du département de Chirurgie Plastique.</Text>  
		</GameDBLocalizedString>
		
		<GameDBLocalizedString>      
			<LocID>TRT_PLAS_INCISION_AND_DRAINAGE</LocID>                                    	
			<Text>Incision et drainage</Text>  
		</GameDBLocalizedString>
		
		<GameDBLocalizedString>      
			<LocID>TRT_SLP_SAL</LocID>                                    	
			<Text>Liposuccion</Text>  
		</GameDBLocalizedString>

		<GameDBLocalizedString>      
			<LocID>TRT_SLP_SAL_DESC</LocID>                        	
			<Text>La liposuccion est une chirurgie invasive qui vise à améliorer les contours du corps et ses proportions par le retrait de dépots de graisse localisés et disproportionnés. Une liposuccion peut retirer jusqu'à 5 litres de graisse.  \n\nSalle requise: Bloc opératoire du département de Chirurgie Plastique.</Text>  
		</GameDBLocalizedString>
		
		<GameDBLocalizedString>      
			<LocID>TRT_SLP_RHINOPLASTY</LocID>                                    	
			<Text>Rhinoplastie</Text>  
		</GameDBLocalizedString>

		<GameDBLocalizedString>      
			<LocID>TRT_SLP_RHINOPLASTY_DESC</LocID>                        	
			<Text>Une rhinoplastie est une intervention de chirurgie plastique pour corriger et reconstruire le nez. Il y a deux types: reconstructrice qui restaure la forme et les fonctions du nez et esthétique qui améliore l'apparence du nez.  \n\nSalle requise: Bloc opératoire du département de Chirurgie Plastique.</Text>  
		</GameDBLocalizedString>
		
		<GameDBLocalizedString>      
			<LocID>TRT_SLP_PLAS_EYEMSURGERY</LocID>                                    	
			<Text>Chirurgie des muscles oculaires</Text>  
		</GameDBLocalizedString>

		<GameDBLocalizedString>      
			<LocID>TRT_SLP_PLAS_EYEMSURGERY_DESC</LocID>                        	
			<Text>La chirurgie des muscles oculaires est un chirurge pour corriger le strabisme ou le nystagmus. Cette intervention implique le déplacement d'un ou plusieurs des muscles oculaires pour ajuster leur position sur l'oeil.  \n\nSalle requise: Bloc opératoire du département de Chirurgie Plastique.</Text>  
		</GameDBLocalizedString>
		
		<GameDBLocalizedString>      
			<LocID>TRT_SLP_PLAS_EMERG_REPAIR</LocID>                                    	
			<Text>Chirurgie d'urgence (Plastique)</Text>  
		</GameDBLocalizedString>

		<GameDBLocalizedString>      
			<LocID>TRT_SLP_PLAS_EMERG_REPAIR_DESC</LocID>                        	
			<Text>Une chirurgie d'urgence peut être définie comme une chirurgie qui est requise pour traiter une menace aigüe contre la vie, un organe, un membre ou des tissus causé par un traumatisme extérieur, une maladie aigue ou une exacerbation d'une maladie chronique ou une complication d'une chirurgie.  \n\nImportance: Cette chirurgie est critique et devrait être traitée en premier. \n\nSalle requise: Bloc opératoire du département de Chirurgie Plastique.</Text>  
		</GameDBLocalizedString>
		
		<!-- Not use yet -->
		<GameDBLocalizedString>      
			<LocID>TRT_SLP_PLAS_EMERG_EYEREMOVAL</LocID>                                    	
			<Text>Enucléation</Text>  
		</GameDBLocalizedString>

		<!-- Not use yet -->
		<GameDBLocalizedString>      
			<LocID>TRT_SLP_PLAS_EMERG_EYEREMOVAL_DESC</LocID>                        	
			<Text>L'énucléation est le retrait de l'oeil qui laisse les muscles oculaires et le reste du contenu de l'orbite intacts. Ce type de chirurgie oculaire est indiqué pour de nombreuses tumeurs oculaires, dans les yeux qui ont subit un très sévère traumatisme.  \n\nSalle requise: Bloc opératoire du département de Chirurgie Plastique.</Text>  
		</GameDBLocalizedString>
		
		<GameDBLocalizedString>      
			<LocID>TRT_SLP_HAIRT</LocID>                                    	
			<Text>Transplantation folliculaire</Text>  
		</GameDBLocalizedString>

		<GameDBLocalizedString>      
			<LocID>TRT_SLP_HAIRT_DESC</LocID>                        	
			<Text>L'extraction folliculaire est une méthode de transplantation capillaire qui prélève des follicules uniques manuellement du scalp du patient. Une fois extraits, les cheveux sont implantés dans des zones dégarnies ou chauves sur la tête.  \n\nSalle requise: Bloc opératoire du département de Chirurgie Plastique.</Text>  
		</GameDBLocalizedString>
		
		<GameDBLocalizedString>      
			<LocID>TRT_SLP_PLAS_REPLANT</LocID>                                    	
			<Text>Réimplantation</Text>  
		</GameDBLocalizedString>

		<GameDBLocalizedString>      
			<LocID>TRT_SLP_PLAS_REPLANT_DESC</LocID>                        	
			<Text>La réimplantation est le rattachement chirurgical d'une partie du corps qui a été complètement séparée du corps. Le but de la chirurgie de réimplantation et de rattacher et restaurer la fonction du plus de parties que l'on peut.  \n\nSalle requise: Bloc opératoire du département de Chirurgie Plastique.</Text>  
		</GameDBLocalizedString>
	
	<!-- CRP Export -->
		<GameDBLocalizedString>      
			<LocID>TRT_CRP_WATCH_WAIT</LocID>                         
			<Text>Observation</Text>	
		</GameDBLocalizedString>
		
		<GameDBLocalizedString>      
			<LocID>TRT_CRP_WATCH_WAIT_DESC</LocID>                         
			<Text>L'observation implique la surveillance étroite des constantes du patient sans donner aucun traitement jusqu'à ce que des symptômes apparaissent ou changent. Généralement, dans ces situations, laisser le corps se soigner lui même est une approche préférée car les traitements peuvent apporter des complications.  \n\nSalle requise: n'importe quel bureau</Text>	
		</GameDBLocalizedString>
		
		<GameDBLocalizedString>      
			<LocID>TRT_CRP_EPIPEN</LocID>                                    	
			<Text>Epipen (injecteur d'épinéphrine)</Text>  
		</GameDBLocalizedString>

		<GameDBLocalizedString>      
			<LocID>TRT_CRP_EPIPEN_DESC</LocID>                        	
			<Text>Un stylo autoinjecteur d'épinéphrine ou Epipen est un dispositif médical servant à injecter une dose mesurée d'épinéphrine (adrénaline) par le moyen d'un autoinjecteur. C'est fréquemment utilisé comme traitement des chocs anaphylactiques.  \n\nSalle requise: n'importe quel bureau</Text>  
		</GameDBLocalizedString>
		
		<GameDBLocalizedString>      
			<LocID>TRT_CRP_MRSA_TREATMENT_A</LocID>                                    	
			<Text>Trimethoprime-Sulfamethoxazole</Text>  
		</GameDBLocalizedString>

		<GameDBLocalizedString>      
			<LocID>TRT_CRP_MRSA_TREATMENT_A_DESC</LocID>                        	
			<Text>Ce sont des antibiotiques en première ligne de la thérapie contre les MRSA : Trimethoprime-Sulfamethoxazole TMP-SMX. Cet agent a démontré un effet élevé concernant le traitement des staphylocoques dorés résistant aux antibiotiques habituels (MRSA).  \n\nSalle requise: n'importe quel bureau</Text>  
		</GameDBLocalizedString>
		
		<GameDBLocalizedString>      
			<LocID>TRT_CRP_COMPRESSION_GARMENT</LocID>                                    	
			<Text>Bas de contention</Text>  
		</GameDBLocalizedString>

		<GameDBLocalizedString>      
			<LocID>TRT_CRP_COMPRESSION_GARMENT_DESC</LocID>                        	
			<Text>Porter des bas de contention après une liposuccion aide le corps à s'en remettre et améliore le confort du patient durant le processus de guérison.  \n\nSalle requise: n'importe quel bureau</Text>  
		</GameDBLocalizedString>
		
		<GameDBLocalizedString>      
			<LocID>TRT_CRP_INTRA_LIPIDEMULSION</LocID>                                    	
			<Text>Emulsion de lipides intraveineux</Text>  
		</GameDBLocalizedString>

		<GameDBLocalizedString>      
			<LocID>TRT_CRP_INTRA_LIPIDEMULSION_DESC</LocID>                        	
			<Text>Ce médicament réfère à des émulsions de graisse pour usage intraveineux chez l'humain. C'est un traitement efficace établi pour les collapsus cardiovasculaires induits par les anesthésiques locaux.  \n\nSalle requise: Hospitalisation régulière dans n'importe quel département.</Text>  
		</GameDBLocalizedString>
		
		<GameDBLocalizedString>      
			<LocID>TRT_CRP_BOTOX</LocID>                                    	
			<Text>Toxine botulique (Botox)</Text>  
		</GameDBLocalizedString>

		<GameDBLocalizedString>      
			<LocID>TRT_CRP_BOTOX_DESC</LocID>                        	
			<Text>Le botox est une protéine neurotoxique produite par la bactérie Clostridium botulinum. Elle empêche le relachement de l'acétylcholine (un neurotransmetteur) depuis les axones au niveau de la jonction neuromusculaire et par conséquent cause une paralysie flacide. Bien que très utilisée en médecine esthétique, la toxine botulique est la substance la plus toxique connue.  \n\nSalle requise: n'importe quel bureau.</Text>  
		</GameDBLocalizedString>
		
		<GameDBLocalizedString>      
			<LocID>TRT_CRP_ATROPINE_EYEDROP</LocID>                                    	
			<Text>Collyre à l'atropine</Text>  
		</GameDBLocalizedString>

		<GameDBLocalizedString>      
			<LocID>TRT_CRP_ATROPINE_EYEDROP_DESC</LocID>                        	
			<Text>Les collyres à l'atropine appartiennent à une classe de médicament appelés antimuscariniques. Ils sont utilisés pour dilater la pupille de l'oeil et paralyser temporairement la lentille pour que le médecin puisse examiner la rétine via un fond d'oeil.  \n\nSalle requise: n'importe quel bureau.</Text>  
		</GameDBLocalizedString>
		
		<GameDBLocalizedString>      
			<LocID>TRT_CRP_EYE_PATCH</LocID>                                    	
			<Text>Patch oculaire</Text>  
		</GameDBLocalizedString>

		<GameDBLocalizedString>      
			<LocID>TRT_CRP_EYE_PATCH_DESC</LocID>                        	
			<Text>Le patch oculaire bloque la vision de l'oeil dominant du patient, cela force le plus faible (ou "fénéant") à travailler plus durement pour que la vision de cet oeil s'améliore.  \n\nSalle requise: n'importe quel bureau.</Text>  
		</GameDBLocalizedString>
		
		<GameDBLocalizedString>      
			<LocID>TRT_CRP_CORTICOSTEROID_EYEDROPS</LocID>                                    	
			<Text>Collyre aux corticostéroïdes</Text>  
		</GameDBLocalizedString>

		<GameDBLocalizedString>      
			<LocID>TRT_CRP_CORTICOSTEROID_EYEDROPS_DESC</LocID>                        	
			<Text>Ces collyres sont utilisés pour prévenir des dommages permanents à l'oeil qui peuvent apparaitre durant certaines pathologies de l'oeil ou chirurgies. Ils soulagent également les rougeurs, les irritations et autre inconforts de l'oeil.  \n\nSalle requise: n'importe quel bureau.</Text>  
		</GameDBLocalizedString>
		
		<GameDBLocalizedString>      
			<LocID>TRT_CRP_CHEMPEEL_L</LocID>                                    	
			<Text>Peel à l'alphahydroxyacide</Text>  
		</GameDBLocalizedString>

		<GameDBLocalizedString>      
			<LocID>TRT_CRP_CHEMPEEL_L_DESC</LocID>                        	
			<Text>Les AlphaHydroxyAcides (AHAs) sont habituellement des dérivés des acides citriques, glycoliques, lactiques, maliques et tartariques. Les plus utilisés sont les acides glycoliques et lactiques. Les AHAs sont utilisés dans les peels chimiques le plus bénins. Ils sont bénéfiques pour le traitement des rides très fines, la peau sèche et déshydratée, les irrégularités pigmentaires et cutanées bénignes et l'acné.  \n\nSalle requise: n'importe quel bureau.</Text>  
		</GameDBLocalizedString>
		
		<GameDBLocalizedString>      
			<LocID>TRT_CRP_SCLEROTHERAPY</LocID>                                    	
			<Text>Sclérotherapie</Text>  
		</GameDBLocalizedString>

		<GameDBLocalizedString>      
			<LocID>TRT_CRP_SCLEROTHERAPY_DESC</LocID>                        	
			<Text>La sclérothérapie est un traitement qui implique l'injection de solutions chimiques dans les vaisseaux sanguins des télangiectasies ou varices. Elle irrite les parois du vaisseau sanguin en les collant. Cela conduit à une fibrose du vaisseau. Les veines non voulues sont dissoutes par l'injection d'une solution sclérosante sur une période de plusieurs semaines pendant que le corps absorbe naturellement la veine traitée. La sclérothérapie est une procédure non invasive prenant seulement 10 minutes à être effectuée.  \n\nSalle requise: n'importe quel bureau.</Text>  
		</GameDBLocalizedString>
	
		<GameDBLocalizedString>      
			<LocID>TRT_CRP_SKIN_LT</LocID>                                    	
			<Text>Resurfaçage laser</Text>  
		</GameDBLocalizedString>

		<GameDBLocalizedString>      
			<LocID>TRT_CRP_SKIN_LT_DESC</LocID>                        	
			<Text>La thérapie laser ou resurfaçage laser est une procédure qui utilise un laser pour améliorer l'apparence de la peau ou traiter des imperfections mineures de la peau en retirant des couches de peau. Les deux types de laser les plus communs sont ceux au CO2 utilisés pour traiter les rides, cicatrices, verrues  et ceux à l'Erbium utilisé pour retirer des rides superficielles ou modéréments profondes sur le visage, les mains, le cou et le torse avec moins d'effets indésirables que ceux au CO2.  \n\nSalle requise: n'importe quel bureau.</Text>  
		</GameDBLocalizedString>
		
		<GameDBLocalizedString>      
			<LocID>TRT_CRP_CHE_INJECT</LocID>                                    	
			<Text>Injections d'enzymes</Text>  
		</GameDBLocalizedString>

		<GameDBLocalizedString>      
			<LocID>TRT_CRP_CHE_INJECT_DESC</LocID>                        	
			<Text>Injecter un type d'enzyme, normalement une collagénase extraite de C histolyticum dans les tendons raides de la paume du patient peut les adoucir et affaiblir ce qui permettra au médecin de manipuler la main pour tenter de rompre les cordes et extendre les doigts.  \n\nSalle requise: n'importe quel bureau.</Text>  
		</GameDBLocalizedString>
		
		<GameDBLocalizedString>      
			<LocID>TRT_CRP_CORTICOSTEROID_INJECTIONS2</LocID>                                    	
			<Text>Injections de corticostéroïdes</Text>  
		</GameDBLocalizedString>

		<GameDBLocalizedString>      
			<LocID>TRT_CRP_CORTICOSTEROID_INJECTIONS2_DESC</LocID>                        	
			<Text>Les corticostéroïdes ou stéroïdes sont des substance qui sont utilisées pour traiter des inflammations. Quand des corticostéroïdes sont injectées dans ou autour des zones douloureuses, ils peuvent réduire l'inflammation de la zone, supprimer la douleur, réduire le gonflement des tissus, et améliorer la fonction du tissu. Un médecin peut injecter une solution de cortiscostéroïdes directement dans une cicatrice hypertrophique ou de chéloïde ce qui devrait aider à réduire sa taille.  \n\nSalle requise: n'importe quel bureau.</Text>  
		</GameDBLocalizedString>
		
		<GameDBLocalizedString>      
			<LocID>TRT_CRP_CRYOSURGERY</LocID>                                    	
			<Text>Cryochirurgie</Text>  
		</GameDBLocalizedString>

		<GameDBLocalizedString>      
			<LocID>TRT_CRP_CRYOSURGERY_DESC</LocID>                        	
			<Text>La cryochirurgie est un type de chirurgie qui implique l'usage de produits extrêmements froids pour détruire des tissus anormaux comme les tumeurs. Cela implique le plus souvent de l'azote liquide bien que le dioxyde de carbone et l'argont peuven aussi être utilisés. La cryochirurgie fonctionne en prenant l'avantage des forces destructrices du froid sur les cellules. Quand leur température descend au delà d'un certain niveau, des cristaux de glaces se forment dans les cellules et les fait éclater.  \n\nSalle requise: n'importe quel bureau.</Text>  
		</GameDBLocalizedString>
	
		<GameDBLocalizedString>      
			<LocID>TRT_CRP_HYAACID_FILL</LocID>                                    	
			<Text>Remplissage à l'acide hyaluronique</Text>  
		</GameDBLocalizedString>

		<GameDBLocalizedString>      
			<LocID>TRT_CRP_HYAACID_FILL_DESC</LocID>                        	
			<Text>L'acide hyaluronique injectable est un type de remplissage cutané temporaire. L'acide hyaluronique est trouvé naturellement dans le corps, principalement dans les articulations, yeux et la peau. Dans la peau, l'acide hylaruonique attire l'eau ce qui permet à la peau de rester plus hydraté. L'acide es tutilisé pour réduire l'apparition des rides et pour créer de la structure et du volume sur la face et les lèvres. Les effets sont visibles immédiatements.  \n\nSalle requise: n'importe quel bureau.</Text>  
		</GameDBLocalizedString>
	
	<!-- ### ### -->
	<!-- ######################################## Content for V.x Added Below ######################################## -->
	<!-- ### ### -->
	
	</LocalizedStrings>
	</GameDBStringTable>
</Database>
