<Database>
  <!-- Plastic Surgery Mod by Sleepy068 -->
  <GameDBStringTable ID="LOC_HU_ADDON_PLASTICS_TREATMENTS">
    <LanguageCode>hu</LanguageCode>
    <LanguageNameLocalized>Magyar</LanguageNameLocalized>
    <Contributors>
      <Name>Ratox</Name>
    </Contributors>
    <LocalizedStrings>
      <!-- ================================================== -->
      <!-- ============= Plastic Surgery v1.0.6 ============= -->
      <!-- =================== CRP EXPORT =================== -->
      <!-- ================================================== -->
      <GameDBLocalizedString>
        <LocID>TRT_CRP_HOSPITALISEDMONTIOR_L1</LocID>
        <Text>Kórházi megfigyelés (rövid)</Text>
      </GameDBLocalizedString>
      <GameDBLocalizedString>
        <LocID>TRT_CRP_HOSPITALISEDMONTIOR_L1_DESC</LocID>
        <Text>Nézze meg és várja meg a beteg állapotának megfigyelését a kórházból.  Ez gyorsabb választ tesz lehetővé a problémákra, és szükséges a tünetekből vagy kezelésekből eredő, magas kockázatú szövődményekhez.</Text>
      </GameDBLocalizedString>
      <GameDBLocalizedString>
        <LocID>TRT_CRP_HOSPITALISEDMONTIOR_L2</LocID>
        <Text>Kórházi megfigyelés (közepes)</Text>
      </GameDBLocalizedString>
      <GameDBLocalizedString>
        <LocID>TRT_CRP_HOSPITALISEDMONTIOR_L2_DESC</LocID>
        <Text>Nézze meg és várja meg a beteg állapotának megfigyelését a kórházból.  Ez gyorsabb választ tesz lehetővé a problémákra, és szükséges a tünetekből vagy kezelésekből eredő, magas kockázatú szövődményekhez.</Text>
      </GameDBLocalizedString>
      <GameDBLocalizedString>
        <LocID>TRT_CRP_HOSPITALISEDMONTIOR_L3</LocID>
        <Text>Kórházi megfigyelés (hosszú)</Text>
      </GameDBLocalizedString>
      <GameDBLocalizedString>
        <LocID>TRT_CRP_HOSPITALISEDMONTIOR_L3_DESC</LocID>
        <Text>Nézze meg és várja meg a beteg állapotának megfigyelését a kórházból.  Ez gyorsabb választ tesz lehetővé a problémákra, és szükséges a tünetekből vagy kezelésekből eredő, magas kockázatú szövődményekhez.</Text>
      </GameDBLocalizedString>
      <GameDBLocalizedString>
        <LocID>TRT_CRP_SHALLOWDEBRISREMOVAL</LocID>
        <Text>Sekély törmelék eltávolítása</Text>
      </GameDBLocalizedString>
      <GameDBLocalizedString>
        <LocID>TRT_CRP_SHALLOWDEBRISREMOVAL_DESC</LocID>
        <Text>A páciens bőrébe vagy arcába ágyazott sekély törmelék és idegen tárgyak eltávolítása és az érintett területek fertőtlenítése.</Text>
      </GameDBLocalizedString>
      <!--
	Translators, please ignore this:
	Used to quickly add new localisation to the mod 
	
	<GameDBLocalizedString>      
		<LocID>XYZ</LocID>                         
		<Text></Text>	
	</GameDBLocalizedString>
	
	<GameDBLocalizedString>      
		<LocID>XYZ_DESC</LocID>                         
		<Text></Text>	
	</GameDBLocalizedString>
	-->
    </LocalizedStrings>
  </GameDBStringTable>
</Database>