<Database>
  <!-- Plastic Surgery Mod by Sleepy068 -->
  <GameDBStringTable ID="LOC_HU_ADDON_PLASTICS_TREATMENTS_SURG">
    <LanguageCode>hu</LanguageCode>
    <LanguageNameLocalized>Magyar</LanguageNameLocalized>
    <Contributors>
      <Name>Ratox</Name>
    </Contributors>
    <LocalizedStrings>
      <!-- =========================================== -->
      <!-- ============= Plastic Surgery ============= -->
      <!-- =========================================== -->
      <GameDBLocalizedString>
        <LocID>SUR_SLP_AUGMENTATION_MAMMOPLASTY</LocID>
        <Text>Augmentációs mammoplasztika</Text>
      </GameDBLocalizedString>
      <GameDBLocalizedString>
        <LocID>SUR_SLP_AUGMENTATION_MAMMOPLASTY_DESC</LocID>
        <Text>A mellnagyobbítás egy olyan kozmetikai sebészeti technika, amely mellimplantátumokat és zsírgraft-mammoplasztikai technikákat alkalmaz a női mellek méretének növelésére, alakjának megváltoztatására és textúrájának megváltoztatására.
Szükséges helyiség: Műtő a Plasztikai Sebészet dpt.</Text>
      </GameDBLocalizedString>
      <GameDBLocalizedString>
        <LocID>SUR_SLP_PLAS_NERVE_DECOM_SURGERY</LocID>
        <Text>Ideg helyreállító sebészet</Text>
      </GameDBLocalizedString>
      <GameDBLocalizedString>
        <LocID>SUR_SLP_PLAS_NERVE_DECOM_SURGERY_DESC</LocID>
        <Text>Az idegrekonstrukciós műtét vagy a sebészeti idegjavítás magában foglalja a sérült ideg feltárását és a sérült szövet vagy heg eltávolítását az idegvégződésekből.  Ezt követően egy ideg közvetlenül újra csatlakoztatható, ha a végei elég hosszúak ahhoz, hogy jó minőségű javítást lehessen végezni feszültség nélkül.
Szükséges helyiség: Műtő a Neurology dpt.</Text>
      </GameDBLocalizedString>
      <GameDBLocalizedString>
        <LocID>SUR_SLP_CORRECTIVE_SURGERY</LocID>
        <Text>Korrekciós Sebészet</Text>
      </GameDBLocalizedString>
      <GameDBLocalizedString>
        <LocID>SUR_SLP_CORRECTIVE_SURGERY_DESC</LocID>
        <Text>Nem ritka, hogy a betegek időnként korrekciós műtétet igényelnek, ezt a korábbi műtéttel kapcsolatos aggodalmak vagy szövődmények kezelésére végzik.  Ezen aggodalmak kezelése nagymértékben elősegíti a betegek elégedettségét a további műtéti idő és a további szövődmények kockázata rovására.
Szükséges helyiség: Műtő a Plasztikai Sebészet dpt.</Text>
      </GameDBLocalizedString>
      <GameDBLocalizedString>
        <LocID>SUR_SLP_PLAS_SCAR_REVISION_SURGERY</LocID>
        <Text>Scar Revision Surgery</Text>
      </GameDBLocalizedString>
      <GameDBLocalizedString>
        <LocID>SUR_SLP_PLAS_SCAR_REVISION_SURGERY_DESC</LocID>
        <Text>A hegek revíziója egy műtét a hegek megjelenésének javítására vagy csökkentésére.  Ezenkívül helyreállítja a funkciót, és korrigálja a sérülés, seb, rossz gyógyulás vagy korábbi műtét által okozott bőrelváltozásokat (eltorzulásokat).
Szükséges helyiség: Műtő a Plasztikai Sebészet dpt.</Text>
      </GameDBLocalizedString>
      <GameDBLocalizedString>
        <LocID>SUR_SLP_PLAS_IMPLANT_REMOVAL</LocID>
        <Text>Mellimplantátum eltávolítás</Text>
      </GameDBLocalizedString>
      <GameDBLocalizedString>
        <LocID>SUR_SLP_PLAS_IMPLANT_REMOVAL_DESC</LocID>
        <Text>A mellimplantátum-fertőzéseket általában a Staphylococcus aureus és a koaguláz-negatív staphylococcusok okozzák.  A Gram-negatív bacillusokról ritkán számoltak be arról, hogy részt vesznek a mellimplantátum-fertőzésekben.  Bár ritka, az ilyen típusú fertőzések általában az implantátumok eltávolítását igénylik.  Ez a műtét eltávolítja a mellimplantátumokat, és megtisztítja az implantátum körüli szöveteket.  Rendszerint utólagos antibiotikum-kúrák szükségesek.
Szükséges helyiség: Műtő a Plasztikai Sebészet dpt.</Text>
      </GameDBLocalizedString>
      <GameDBLocalizedString>
        <LocID>SUR_SLP_PLAS_CAPSULECTOMY</LocID>
        <Text>Kapszulaeltávolítás</Text>
      </GameDBLocalizedString>
      <GameDBLocalizedString>
        <LocID>SUR_SLP_PLAS_CAPSULECTOMY_DESC</LocID>
        <Text>A capsulectomia a mellimplantátum körül megvastagodott és megkeményedett hegszövet vagy kapszula műtéti eltávolítása.  A kapszula fibroblasztokból, kollagénből és véredényekből áll.  A kapszulaeltávolításnak enyhítenie kell a kényelmetlenséget, és javítania kell a páciens melleinek megjelenését és tapintását.
Szükséges helyiség: Műtő a Plasztikai Sebészet dpt.</Text>
      </GameDBLocalizedString>
      <GameDBLocalizedString>
        <LocID>SUR_SLP_SAL</LocID>
        <Text>Szívás-asszisztált lipectomia (SAL)</Text>
      </GameDBLocalizedString>
      <GameDBLocalizedString>
        <LocID>SUR_SLP_SAL_DESC</LocID>
        <Text>A zsírleszívás egy invazív műtét, amelynek célja a test körvonalainak és arányának javítása a lokalizált és aránytalan zsírlerakódások eltávolításával.  A zsírleszívással akár 5 liter zsírt is el lehet távolítani viszonylagos biztonsággal egy alkalom alatt.  A szívással asszisztált lipectomia (SAL) során a zsírt vákuumszívással távolítják el a szervezetből.  A SAL lehet száraz, nedves vagy tumeszcens (tumescent zsírleszívás) attól függően, hogy mennyi sóoldatot (sóoldatot) fecskendeznek be a műtéti helyre az eljárás megkezdése előtt.
Szükséges helyiség: Műtő a Plasztikai Sebészet dpt.</Text>
      </GameDBLocalizedString>
      <GameDBLocalizedString>
        <LocID>SUR_SLP_RHINOPLASTY</LocID>
        <Text>Orrplasztika</Text>
      </GameDBLocalizedString>
      <GameDBLocalizedString>
        <LocID>SUR_SLP_RHINOPLASTY_DESC</LocID>
        <Text>Az orrplasztika, közismert nevén orrműtét, egy plasztikai sebészeti eljárás az orr korrekciójára és rekonstrukciójára.  Kétféle plasztikai sebészetet alkalmaznak – az orr formáját és funkcióit helyreállító helyreállító műtétet és az orr megjelenését javító kozmetikai műtétet.
Szükséges helyiség: Műtő a Plasztikai Sebészet dpt.</Text>
      </GameDBLocalizedString>
      <GameDBLocalizedString>
        <LocID>SUR_SLP_PLAS_EYEMSURGERY</LocID>
        <Text>Szemizom műtét</Text>
      </GameDBLocalizedString>
      <GameDBLocalizedString>
        <LocID>SUR_SLP_PLAS_EYEMSURGERY_DESC</LocID>
        <Text>A szemizomműtét a strabismus (szemeltérés) vagy a nystagmus (szemmozgás) kijavítására szolgáló műtét.  A műtét során egy vagy több szemizmot mozgatnak a szem vagy szemek helyzetének beállításához.
Szükséges helyiség: Műtő a Plasztikai Sebészet dpt.</Text>
      </GameDBLocalizedString>
      <GameDBLocalizedString>
        <LocID>SUR_SLP_PLAS_EMERG_REPAIR</LocID>
        <Text>Sürgősségi sebészet (plasztikai)</Text>
      </GameDBLocalizedString>
      <GameDBLocalizedString>
        <LocID>SUR_SLP_PLAS_EMERG_REPAIR_DESC</LocID>
        <Text>A sürgősségi sebészet olyan műtét, amely az életet, szervet, végtagot vagy szövetet fenyegető akut fenyegetés kezelésére van szükség, amelyet külső trauma, akut kórfolyamat, krónikus betegségfolyamat akut súlyosbodása vagy műtéti vagy egyéb beavatkozási eljárás szövődménye okoz.  .
Fontos: Ez a műtét kritikusnak számít, és prioritást kell élveznie.
Szükséges helyiség: Műtő a Plasztikai Sebészet dpt.</Text>
      </GameDBLocalizedString>
      <!-- Not use yet -->
      <GameDBLocalizedString>
        <LocID>SUR_SLP_PLAS_EMERG_EYEREMOVAL</LocID>
        <Text>A szem enukleációja</Text>
      </GameDBLocalizedString>
      <!-- Not use yet -->
      <GameDBLocalizedString>
        <LocID>SUR_SLP_PLAS_EMERG_EYEREMOVAL_DESC</LocID>
        <Text>Az enukleáció a szem eltávolítása, amely érintetlenül hagyja a szemizmokat és a megmaradt orbitális tartalmat.  Ez a fajta szemműtét számos szemdaganat esetén javallott, olyan szemeknél, amelyek súlyos traumát szenvedtek el, illetve olyan szemeknél, amelyek egyébként vakok és fájdalmasak.
Szükséges helyiség: Műtő a Plasztikai Sebészet dpt.</Text>
      </GameDBLocalizedString>
      <GameDBLocalizedString>
        <LocID>SUR_SLP_HAIRT</LocID>
        <Text>Follikuláris egység transzplantáció</Text>
      </GameDBLocalizedString>
      <GameDBLocalizedString>
        <LocID>SUR_SLP_HAIRT_DESC</LocID>
        <Text>A follikuláris egység kivonása, amelyet néha egyszerűen FUE-nak is neveznek, egy olyan hajbeültetési műtét, amely kézzel eltávolítja az egyes szőrtüszőket a páciens fejbőréről.  A kivonás után a szőrszálakat beültetik a fej körüli kopasz vagy elvékonyodó területekre.
Szükséges helyiség: Műtő a Plasztikai Sebészet dpt.</Text>
      </GameDBLocalizedString>
      <GameDBLocalizedString>
        <LocID>SUR_SLP_PLAS_REPLANT</LocID>
        <Text>Újraültetés</Text>
      </GameDBLocalizedString>
      <GameDBLocalizedString>
        <LocID>SUR_SLP_PLAS_REPLANT_DESC</LocID>
        <Text>A replantáció egy testrész (például ujj, kéz vagy lábujj) sebészi újbóli rögzítését jelenti, amelyet teljesen levágtak a testről.  A replantációs műtét célja, hogy a sérült rész minél nagyobb részét visszahelyezze és helyreállítsa a funkciót.
Szükséges helyiség: Műtő a Plasztikai Sebészet dpt.</Text>
      </GameDBLocalizedString>
      <!-- ================================================== -->
      <!-- ============= Plastic Surgery v1.0.6 ============= -->
      <!-- ================================================== -->
      <GameDBLocalizedString>
        <LocID>SUR_SLP_MASTOPEXY</LocID>
        <Text>Masztopexia</Text>
      </GameDBLocalizedString>
      <GameDBLocalizedString>
        <LocID>SUR_SLP_MASTOPEXY_DESC</LocID>
        <Text>A masztopexia, vagy közismert nevén mellfelvarrás egy kozmetikai sebészeti eljárás, amelynek célja a megereszkedett vagy térfogatvesztett mellek megemelése és újrakontúrozása.
Szükséges helyiség: Műtő a Plasztikai Sebészet dpt.</Text>
      </GameDBLocalizedString>
      <GameDBLocalizedString>
        <LocID>SUR_SLP_SEPTOPLASTY</LocID>
        <Text>Szeptoplasztika</Text>
      </GameDBLocalizedString>
      <GameDBLocalizedString>
        <LocID>SUR_SLP_SEPTOPLASTY_DESC</LocID>
        <Text>A szeptoplasztika vagy alternatívaként a nyálkahártya alatti septum reszekció és a sövény rekonstrukciója egy korrekciós sebészeti eljárás, amelyet az orrsövény elhajlása kiegyenesítésére végeznek – az orrsövény a két orrüreg közötti válaszfal.  Ideális esetben a septumnak az orr közepén kell lefutnia.
Szükséges helyiség: Műtő a Plasztikai Sebészet dpt.</Text>
      </GameDBLocalizedString>
      <GameDBLocalizedString>
        <LocID>SUR_SLP_PLAS_ENUCLEATION</LocID>
        <Text>Enukleáció</Text>
      </GameDBLocalizedString>
      <GameDBLocalizedString>
        <LocID>SUR_SLP_PLAS_ENUCLEATION_DESC</LocID>
        <Text>Az enukleáció a szem eltávolítása, amely érintetlenül hagyja a szemizmokat és a megmaradt orbitális tartalmat.  Ez a fajta szemműtét számos szemdaganat esetén javallott, olyan szemeknél, amelyek súlyos traumát szenvedtek el, illetve olyan szemeknél, amelyek egyébként vakok és fájdalmasak.  Az eltávolított szemgolyó pótlására gömb alakú implantátumot (mesterséges szemgolyót) használnak.
Fontos: Ez a műtét kritikusnak számít, és prioritást kell élveznie.
Szükséges helyiség: Műtő a Plasztikai Sebészet dpt.</Text>
      </GameDBLocalizedString>
      <!-- ================================================== -->
      <!-- ============= Plastic Surgery v1.0.7 ============= -->
      <!-- ================================================== -->
      <GameDBLocalizedString>
        <LocID>SUR_SLP_CHEEK_AUGMENTATION</LocID>
        <Text>Arcnagyobbítás</Text>
      </GameDBLocalizedString>
      <GameDBLocalizedString>
        <LocID>SUR_SLP_CHEEK_AUGMENTATION_DESC</LocID>
        <Text>Az arcplasztikai műtét, más néven arcimplantátum-műtét egy olyan eljárás, amelynek során a plasztikai sebész szilárd implantátumot helyez be az arccsontjába, amely javítja az arc kontúrját azáltal, hogy az arcát teltebbnek látja, és általánosságban jobb képet ad az arcáról.
Szükséges helyiség: Műtő a Plasztikai Sebészet dpt.</Text>
      </GameDBLocalizedString>
      <GameDBLocalizedString>
        <LocID>SUR_SLP_PLAS_IMPLANT_REMOVAL_01</LocID>
        <Text>Arccal beültetett fertőzés</Text>
      </GameDBLocalizedString>
      <GameDBLocalizedString>
        <LocID>SUR_SLP_PLAS_IMPLANT_REMOVAL_01_DESC</LocID>
        <Text>Az arc implantátum fertőzéseit általában a Staphylococcus aureus és a koaguláz-negatív staphylococcusok okozzák.  Bár ritka, az ilyen típusú fertőzések általában az implantátumok eltávolítását igénylik.  Ez a műtét eltávolítja az arc implantátumait, és megtisztítja az implantátum helye körüli szövetet.  Rendszerint utólagos antibiotikum-kúrák szükségesek.
Szükséges helyiség: Műtő a Plasztikai Sebészet dpt.</Text>
      </GameDBLocalizedString>
      <GameDBLocalizedString>
        <LocID>SUR_SLP_ABDOMINOPLASTY</LocID>
        <Text>Hasplasztika</Text>
      </GameDBLocalizedString>
      <GameDBLocalizedString>
        <LocID>SUR_SLP_ABDOMINOPLASTY_DESC</LocID>
        <Text>A hasplasztika vagy "hasplasztika" egy kozmetikai sebészeti eljárás, amellyel a has vékonyabbá és feszesebbé válik.  A műtét során eltávolítják a felesleges bőrt és zsírt a has közepéről és aljáról, hogy megfeszítsék a hasfal izomzatát és fasciáját.</Text>
      </GameDBLocalizedString>
      <GameDBLocalizedString>
        <LocID>SUR_SLP_PLAS_ENDOVENOUS_LASER_AB</LocID>
        <Text>Endovénás lézeres abláció</Text>
      </GameDBLocalizedString>
      <GameDBLocalizedString>
        <LocID>SUR_SLP_PLAS_ENDOVENOUS_LASER_AB_DESC</LocID>
        <Text>Az endovénás lézeres abláció, más néven endovénás lézerterápia egy olyan eljárás, amely lézerből származó hőt használ a varikózis csökkentésére.</Text>
      </GameDBLocalizedString>
      <GameDBLocalizedString>
        <LocID>SUR_SLP_PLAS_SURGICAL_DEBRIDEMENT</LocID>
        <Text>Sebészeti debridement</Text>
      </GameDBLocalizedString>
      <GameDBLocalizedString>
        <LocID>SUR_SLP_PLAS_SURGICAL_DEBRIDEMENT_DESC</LocID>
        <Text>A debridement az elhalt, sérült vagy fertőzött szövetek orvosi eltávolítása a megmaradt egészséges szövet gyógyulási potenciáljának javítása érdekében.  A sebészeti vagy "éles" debridement és az altatásban végzett lézeres debridement a leggyorsabb debridementesítési módszer.  Nagyon szelektívek, ami azt jelenti, hogy a debrideciót végző személy teljes mértékben tudja irányítani, hogy melyik szövetet távolítsák el, és melyiket hagyják hátra.  A sebészi sebmentesítés a műtőben vagy az ágy mellett végezhető, attól függően, hogy mekkora a nekrotikus anyag, és hogy a beteg mennyire tolerálja a beavatkozást.
Szükséges helyiség: Műtő a Plasztikai Sebészet dpt.</Text>
      </GameDBLocalizedString>
      <!--
	Translators, please ignore this:
	Used to quickly add new localisation to the mod 
		
	<GameDBLocalizedString>      
		<LocID>XYZ</LocID>                         
		<Text></Text>	
	</GameDBLocalizedString>
	
	<GameDBLocalizedString>      
		<LocID>XYZ_DESC</LocID>                         
		<Text></Text>	
	</GameDBLocalizedString>
	-->
    </LocalizedStrings>
  </GameDBStringTable>
</Database>