<Database>
  <GameDBStringTable ID="LOC_HU&#xD;&#xA;_ADDON_PLAS_BUILDING_MODE">
    <LanguageCode>hu</LanguageCode>
    <LanguageNameLocalized>Magyar</LanguageNameLocalized>
    <Contributors>
      <Name>Ratox</Name>
    </Contributors>
    <LocalizedStrings>
      <GameDBLocalizedString>
        <LocID>ROOM_TYPE_PLAS_OFFICE</LocID>
        <Text>Plasztikai Sebészeti Rendelő</Text>
      </GameDBLocalizedString>
      <GameDBLocalizedString>
        <LocID>ROOM_TYPE_PLAS_OFFICE_DESCRIPTION</LocID>
        <Text>Plasztikai sebészetre szakosodott orvosi rendelő.  Személyzeti követelmények:
1x Orvos</Text>
      </GameDBLocalizedString>
      <GameDBLocalizedString>
        <LocID>ROOM_TYPE_INPATIENT_PLAS_OFFICE</LocID>
        <Text>Diagnosztikai részleg</Text>
      </GameDBLocalizedString>
      <GameDBLocalizedString>
        <LocID>ROOM_TYPE_INPATIENT_PLAS_OFFICE_DESC</LocID>
        <Text>A Plasztikai Sebészeti Osztály diagnosztikai részlege a kórházi betegek vizsgálatát és kezelését végzi.
Min.  Személyzeti követelmények:
1x Orvos
(Az ügyeleti szobában dolgozó személyzet)</Text>
      </GameDBLocalizedString>
      <GameDBLocalizedString>
        <LocID>OBJECT_DECAL_MOD_PLAS</LocID>
        <Text>Plasztikai sebészet A</Text>
      </GameDBLocalizedString>
      <GameDBLocalizedString>
        <LocID>OBJECT_DECAL_PLAS_DESC</LocID>
        <Text>Fali matrica</Text>
      </GameDBLocalizedString>
      <!-- ### ### -->
      <!-- ######################################## Content for VX Added Below ######################################## -->
      <!-- ### ### -->
    </LocalizedStrings>
  </GameDBStringTable>
</Database>