<Database>
  <!-- Plastic Surgery Mod by Sleepy068 -->
  <GameDBStringTable ID="LOC_HU_ADDON_PLASTICS_SYMPTOMS">
    <LanguageCode>hu</LanguageCode>
    <LanguageNameLocalized>Magyar</LanguageNameLocalized>
    <Contributors>
      <Name>Ratox</Name>
    </Contributors>
    <LocalizedStrings>
      <!-- =========================================== -->
      <!-- ============= Plastic Surgery ============= -->
      <!-- =========================================== -->
      <GameDBLocalizedString>
        <LocID>SYM_SLP_PLAS_NERVE_DAMAGE_V2</LocID>
        <Text>Posztoperatív neuropátiás fájdalom</Text>
      </GameDBLocalizedString>
      <GameDBLocalizedString>
        <LocID>SYM_SLP_PLAS_NERVE_DAMAGE_DESC</LocID>
        <Text>Posztoperatív neuropátiás fájdalom (PONP) alakulhat ki, ha a műtét során az idegek sérültek.  A sérült idegek nem tudják megfelelően továbbítani a jeleket a test különböző részeiről az agyba.  Ehelyett ezek a jelek eltúlzódnak, krónikus fájdalmat okozva, amely hónapokig vagy akár évekig is fennállhat.</Text>
      </GameDBLocalizedString>
      <GameDBLocalizedString>
        <LocID>SYM_SLP_UNDESIRED_RESULTS_V2</LocID>
        <Text>Nem kívánt eredmények</Text>
      </GameDBLocalizedString>
      <GameDBLocalizedString>
        <LocID>SYM_SLP_UNDESIRED_RESULTS_DESC</LocID>
        <Text>A kedvezőtlen kimenetelek mindenféle műtét szerves részét képezik.  A kezelés utáni nemkívánatos eredmények a műtét vagy a kezelés befejezése után jelentkeznek, és az eredmény eltér a várttól.  Ez további szövődményekhez és fokozott stresszhez vezethet a beteg számára.</Text>
      </GameDBLocalizedString>
      <GameDBLocalizedString>
        <LocID>SYM_SLP_S_SCAR_TISSUE_V2</LocID>
        <Text>Jelentős hegszövet</Text>
      </GameDBLocalizedString>
      <GameDBLocalizedString>
        <LocID>SYM_SLP_S_SCAR_TISSUE_DESC</LocID>
        <Text>A heg olyan nyom, amely a bőrfelületen egy seb vagy egy sérülés gyógyulása után marad a bőrön.  A hegek vagy hegszövetek kialakulása a gyógyulási folyamat normális része, és akkor fordul elő, ha sérülés vagy műtét miatt a bőrt elvágják.  A hegszövet növekedését számos tényező befolyásolja, többek között: Az eredeti sérülés súlyossága.  A seb mérete, mélysége és elhelyezkedése a testen.  A felesleges hegszövet, a rétegek mélysége jelentősen csökkentheti a funkciót és a mozgást hónapokkal a műtét után.  Ennek negatív hatásai lehetnek, és csökkentheti a betegek elégedettségét.</Text>
      </GameDBLocalizedString>
      <GameDBLocalizedString>
        <LocID>SYM_SLP_B_CAPSULAR_V2</LocID>
        <Text>Kapszuláris kontraktúra</Text>
      </GameDBLocalizedString>
      <GameDBLocalizedString>
        <LocID>SYM_SLP_B_CAPSULAR_DESC</LocID>
        <Text>A kapszuláris kontraktúra egy mellnagyobbítási szövődmény, amely akkor alakul ki, amikor a belső hegszövet szűk vagy összeszűkülő kapszulát képez a mellimplantátum körül, és összehúzza azt, amíg el nem formázza és kemény lesz.</Text>
      </GameDBLocalizedString>
      <GameDBLocalizedString>
        <LocID>SYM_SLP_BARSA_INFECTION_V2</LocID>
        <Text>Mell implantátum fertőzés</Text>
      </GameDBLocalizedString>
      <GameDBLocalizedString>
        <LocID>SYM_SLP_BARSA_INFECTION_DESC</LocID>
        <Text>Névértékben a bakteriális fertőzés problémát jelent minden beültethető orvosi eszköznél, beleértve a mellimplantátumokat is.  A fertőzés tünetei közé tartozik a magas láz és a mellfájdalom, a bőrpír és/vagy duzzanat.  Ha úgy tűnik, hogy az antibiotikumok önmagukban nem szüntetik meg a fertőzést, akkor előfordulhat, hogy a sebésznek ki kell tisztítania a fertőzött szövetet, és ki kell cserélnie vagy teljesen el kell távolítania az implantátumot.</Text>
      </GameDBLocalizedString>
      <GameDBLocalizedString>
        <LocID>SYM_SLP_FAILED_BA_V2</LocID>
        <Text>Sikertelen mellnagyobbítás</Text>
      </GameDBLocalizedString>
      <GameDBLocalizedString>
        <LocID>SYM_SLP_FAILED_BA_DESC</LocID>
        <Text>A műtéti szövődmények miatt a páciens nem tudott sikeres kozmetikai műtétet végezni.  Ennek nem fognak örülni.</Text>
      </GameDBLocalizedString>
      <GameDBLocalizedString>
        <LocID>SYM_SLP_B_IMPLANT_EXTRUSION_V2</LocID>
        <Text>Mellimplantátum extrudálás</Text>
      </GameDBLocalizedString>
      <GameDBLocalizedString>
        <LocID>SYM_SLP_B_IMPLANT_EXTRUSION_DESC</LocID>
        <Text>Viszonylag ritka esetekben az implantátum rekonstrukciós műtét után az implantátum vagy a szövettágító felülete átjut a bőrön és szabaddá válik.  Ezt „extrudálásnak” nevezik. A páciensnél fertőzés alakulhat ki, ha extrudált vagy szabaddá vált implantátuma van. Ha a mellimplantátum már extrudált vagy extrudálni készül, a plasztikai sebésznek el kell távolítania vagy korrekciós műtéttel ki kell cserélnie.</Text>
      </GameDBLocalizedString>
      <GameDBLocalizedString>
        <LocID>SYM_PLAS_ABSCESS</LocID>
        <Text>Tályog</Text>
      </GameDBLocalizedString>
      <GameDBLocalizedString>
        <LocID>SYM_SLP_NOSE_SEPTALPERF_V2</LocID>
        <Text>Az orrsövény perforációja</Text>
      </GameDBLocalizedString>
      <GameDBLocalizedString>
        <LocID>SYM_SLP_NOSE_SEPTALPERF_DESC</LocID>
        <Text>Az orrsövény perforációja olyan egészségügyi állapot, amelyben az orrüregeket elválasztó csontos/porcos falon lyuk vagy repedés képződik.  Egyes perforációk belégzéskor vérzést, fájdalmat és sípoló hangot okozhatnak.  Ha kiszáradt vér vagy varasodás halmozódik fel, akkor az orrán keresztüli légzés is problémát okozhat.  Sok perforációt nem kell lezárni, de a súlyos vagy bonyolultak fertőzéshez vezethetnek.</Text>
      </GameDBLocalizedString>
      <GameDBLocalizedString>
        <LocID>SYM_SLP_EYE_GLOBE_PERFORATION_V2</LocID>
        <Text>Földgömb perforáció</Text>
      </GameDBLocalizedString>
      <GameDBLocalizedString>
        <LocID>SYM_SLP_EYE_GLOBE_PERFORATION_DESC</LocID>
        <Text>Glóbuszszakadás akkor következik be, amikor a szem külső membránjainak integritását tompa vagy átható trauma megzavarja.  A szaruhártya, a sclera vagy mindkettő teljes vastagságú sérülése nyitott gömbsérülésnek minősül, és akut esetekben is hasonló módon közelítik meg.  A földgömb szakadása szemészeti vészhelyzet, és az azonnali cselekvés kritikus fontosságú a funkcionális eredmény maximalizálása érdekében.  Bár a földgömb pályán belüli helyzete sok helyzetben megvédi a sérülésektől, a szem hátsó szegmensének károsodása nagyon gyakori maradandó látásvesztéssel jár.</Text>
      </GameDBLocalizedString>
      <GameDBLocalizedString>
        <LocID>SYM_SLP_EYE_UNDESIRED_RESULTS_V2</LocID>
        <Text>Nem kielégítő szembeállítás</Text>
      </GameDBLocalizedString>
      <GameDBLocalizedString>
        <LocID>SYM_SLP_EYE_UNDESIRED_RESULTS_DESC</LocID>
        <Text>A műtét utáni nem kielégítő szemigazítás a leggyakoribb szövődmény a strabismus és más szemeltolódási problémák korrigálásakor.  A gondos műtét előtti mérések és a szokásos sebészeti adagolási táblázatok használata ellenére a betegek bizonyos százaléka túl- vagy alulkorrigált lesz a műtét után, amely korrekciós sebészeti beavatkozásokat igényel a probléma enyhítésére.</Text>
      </GameDBLocalizedString>
      <GameDBLocalizedString>
        <LocID>SYM_SLP_EYE_CIC_V2</LocID>
        <Text>Kötőhártya zárvány ciszta</Text>
      </GameDBLocalizedString>
      <GameDBLocalizedString>
        <LocID>SYM_SLP_EYE_CIC_DESC</LocID>
        <Text>A kötőhártya zárvány ciszták akkor fordulnak elő, amikor a kötőhártya hámsejteket a kötőhártya felszíne alá temetik a műtét során.  Ezek a sejtek idővel szaporodhatnak, és az eredeti műtét után napokkal vagy évekkel szubkonjunktivális cisztát hoznak létre.  A kötőhártya ijesztgetése gyakrabban fordul elő ismételt műtét és műtéti reszekció után, amikor az izomhas előrehaladása a vastagabb hátsó Tenon tokját közelebb tolhatja a limbushoz, ahol jobban látható.</Text>
      </GameDBLocalizedString>
      <GameDBLocalizedString>
        <LocID>SYM_SLP_EYE_SLIPPED_MUSCLE_V2</LocID>
        <Text>Elcsúszott izom</Text>
      </GameDBLocalizedString>
      <GameDBLocalizedString>
        <LocID>SYM_SLP_EYE_SLIPPED_MUSCLE_DESC</LocID>
        <Text>Az elcsúszott izmok akkor alakulnak ki, amikor a strabismus műtét során az izomkapszula az izom vagy az izomín bevonása nélkül be van zárva.  Amikor a kapszulát újra rögzítik a sclerához, az ín és az izom szabadon lecsúszik a rögzítés helyéről.</Text>
      </GameDBLocalizedString>
      <!-- ================================================== -->
      <!-- ============= Plastic Surgery v1.0.6 ============= -->
      <!-- ================================================== -->
      <GameDBLocalizedString>
        <LocID>SYM_CRP_CSFRHINORRHEA</LocID>
        <Text>Cerebrospinális folyadék (CSF) Rhinorrhoea</Text>
      </GameDBLocalizedString>
      <GameDBLocalizedString>
        <LocID>SYM_CRP_CSFRHINORRHEA_DESC</LocID>
        <Text>A cerebrospinális folyadék (CSF) rhinorrhoea olyan állapot, amikor az agyat körülvevő folyadék az orrba és a melléküregekbe szivárog.  A fejsérülés, a műtét vagy akár a születési rendellenességek lyukat képezhetnek a membránokon, amelyek ezt a folyadékot tartják.  Ezután az orrba vagy a fülbe szivárog, vizes, orrfolyást okozva.</Text>
      </GameDBLocalizedString>
      <GameDBLocalizedString>
        <!-- NOT FOR CRP -->
        <LocID>SYM_CRP_NASAL_HEMATOMA</LocID>
        <Text>Orr hematóma</Text>
      </GameDBLocalizedString>
      <GameDBLocalizedString>
        <!-- NOT FOR CRP -->
        <LocID>SYM_CRP_NASAL_HEMATOMA_DESC</LocID>
        <Text>Az orrsövény hematóma az orrsövényen belüli vér felhalmozódása.  A septum az orrnak az orrlyukak közötti része.  A sérülések megzavarják az ereket, így folyadék és vér gyűlhet össze a bélés alatt.</Text>
      </GameDBLocalizedString>
      <GameDBLocalizedString>
        <LocID>SYM_CRP_LOW_NOSEBRIDGE</LocID>
        <Text>Nagyon alacsony orrhíd</Text>
      </GameDBLocalizedString>
      <GameDBLocalizedString>
        <LocID>SYM_CRP_LOW_NOSEBRIDGE_DESC</LocID>
        <Text>A páciensnek kivételesen alacsony orrhídja van.  Ez problémákat okozhat az orr működésével kapcsolatban.</Text>
      </GameDBLocalizedString>
      <GameDBLocalizedString>
        <LocID>SYM_CRP_DISPROPORT_APPEAR</LocID>
        <Text>Aránytalan megjelenés (orr)</Text>
      </GameDBLocalizedString>
      <GameDBLocalizedString>
        <LocID>SYM_CRP_DISPROPORT_APPEAR_DESC</LocID>
        <Text>A páciens orrának megjelenése és mérete észrevehetően eltér attól, ami normálisnak tekinthető.</Text>
      </GameDBLocalizedString>
      <GameDBLocalizedString>
        <LocID>SYM_CRP_PINCHED_NOSTRILS</LocID>
        <Text>Összeszorított orrlyukak</Text>
      </GameDBLocalizedString>
      <GameDBLocalizedString>
        <LocID>SYM_CRP_PINCHED_NOSTRILS_DESC</LocID>
        <Text>A becsípett orrhegy olyan orrra utal, amely túlzottan szűkült a csúcs régiójában.  Ez a fajta orr-rendellenesség kialakulhat veleszületett problémaként, vagyis a beteg ezzel született, vagy egy korábbi sikertelen orrplasztikai műtét eredményeként.</Text>
      </GameDBLocalizedString>
      <GameDBLocalizedString>
        <LocID>SYM_CRP_NOSETOOHIGH</LocID>
        <Text>Magas orrhegy</Text>
      </GameDBLocalizedString>
      <GameDBLocalizedString>
        <LocID>SYM_CRP_NOSETOOHIGH_DESC</LocID>
        <Text>A páciens orra szokatlanul magasra hegyes a hegyénél.</Text>
      </GameDBLocalizedString>
      <GameDBLocalizedString>
        <LocID>SYM_CRP_UNEVEN_NOSTRILS</LocID>
        <Text>Egyenetlen orrlyukak</Text>
      </GameDBLocalizedString>
      <GameDBLocalizedString>
        <LocID>SYM_CRP_UNEVEN_NOSTRILS_DESC</LocID>
        <Text>A beteg egyik orrlyukai a másikhoz képest észrevehetően eltérő méretűek.</Text>
      </GameDBLocalizedString>
      <GameDBLocalizedString>
        <LocID>SYM_CRP_BLEPHAROPTOSIS</LocID>
        <!-- NOT FOR CRP -->
        <Text>Blepharoptosis</Text>
      </GameDBLocalizedString>
      <GameDBLocalizedString>
        <LocID>SYM_CRP_BLEPHAROPTOSIS_DESC</LocID>
        <!-- NOT FOR CRP -->
        <Text>A blepharoptosis, más néven ptosis, a felső szemhéj lelógása, amely az egyik vagy mindkét szemet érintheti.  Előfordulhat, hogy a szemhéj csak enyhén, vagy annyira leeshet, hogy befedje a pupillát és blokkolja a látást.</Text>
      </GameDBLocalizedString>
      <GameDBLocalizedString>
        <LocID>SYM_CRP_OCULAR_EXTRUDE</LocID>
        <Text>Szemtartalom extrudálva a Földgömbből</Text>
      </GameDBLocalizedString>
      <GameDBLocalizedString>
        <LocID>SYM_CRP_OCULAR_EXTRUDE_DESC</LocID>
        <Text>A páciens szeme kinyomja a szemgömb belső tartalmát.</Text>
      </GameDBLocalizedString>
      <GameDBLocalizedString>
        <LocID>SYM_CRP_OCULAR_MOTILITY</LocID>
        <Text>A szem motilitás elvesztése</Text>
      </GameDBLocalizedString>
      <GameDBLocalizedString>
        <LocID>SYM_CRP_OCULAR_MOTILITY_DESC</LocID>
        <Text>A szemmozgás elvesztése, más néven szemmotoros diszfunkció, akkor fordul elő, ha az ellenőrzött, akaratlagos és céltudatos szemmozgás hiánya vagy hibája.</Text>
      </GameDBLocalizedString>
      <GameDBLocalizedString>
        <LocID>SYM_CRP_TISSUE_SHRAPNEL</LocID>
        <Text>Szöveti repeszek károsodása</Text>
      </GameDBLocalizedString>
      <GameDBLocalizedString>
        <LocID>SYM_CRP_TISSUE_SHRAPNEL_DESC</LocID>
        <Text>A beteg sekély szövetkárosodást szenved a repeszek miatt.</Text>
      </GameDBLocalizedString>
      <!-- ================================================== -->
      <!-- ============= Plastic Surgery v1.0.6 ============= -->
      <!-- ================================================== -->
      <GameDBLocalizedString>
        <LocID>SYM_CRP_FACE_HEMATOMA</LocID>
        <Text>Arc hematóma</Text>
      </GameDBLocalizedString>
      <GameDBLocalizedString>
        <LocID>SYM_CRP_FACE_HEMATOMA_DESC</LocID>
        <Text>Az arc hematóma az arcon belüli vér felhalmozódása.  A sérülések megzavarják az ereket, így folyadék és vér gyűlhet össze a bélés alatt.</Text>
      </GameDBLocalizedString>
      <GameDBLocalizedString>
        <LocID>SYM_SLP_IMPLANT_INFECTION01</LocID>
        <!-- NOT FOR CRP -->
        <Text>Arccal beültetett fertőzés</Text>
      </GameDBLocalizedString>
      <GameDBLocalizedString>
        <LocID>SYM_SLP_IMPLANT_INFECTION01_DESC</LocID>
        <!-- NOT FOR CRP -->
        <Text>A páciensnél fertőzés alakult ki egy nemrégiben beültetett arcimplantátum körül.  Az ilyen fertőzés súlyos, és az implantátumot el kell távolítani, és a sebet meg kell tisztítani.</Text>
      </GameDBLocalizedString>
      <GameDBLocalizedString>
        <LocID>SYM_SLP_FAILED_CA01</LocID>
        <Text>Sikertelen arcplasztika</Text>
      </GameDBLocalizedString>
      <GameDBLocalizedString>
        <LocID>SYM_SLP_FAILED_CA01_DESC</LocID>
        <Text>A műtéti szövődmények miatt a páciens nem tudott sikeres kozmetikai műtétet végezni.  Ennek nem fognak örülni.</Text>
      </GameDBLocalizedString>
      <GameDBLocalizedString>
        <LocID>SYM_CRP_LOSS_OF_UMBILICUS</LocID>
        <Text>A köldök elvesztése</Text>
      </GameDBLocalizedString>
      <GameDBLocalizedString>
        <LocID>SYM_CRP_LOSS_OF_UMBILICUS_DESC</LocID>
        <Text>A köldök vagy a tengerész elvesztése az ember köldökének elvesztését eredményezi.  Bár ez nem okoz egészségügyi problémákat, zavarba hozhatja az embert, különösen, ha a hasi műtét szövődménye volt.</Text>
      </GameDBLocalizedString>
      <GameDBLocalizedString>
        <LocID>SYM_CRP_BURNING_SENSE</LocID>
        <Text>Égő érzés</Text>
      </GameDBLocalizedString>
      <GameDBLocalizedString>
        <LocID>SYM_CRP_BURNING_SENSE_DESC</LocID>
        <Text>A beteg fájdalmas égő érzést érez.</Text>
      </GameDBLocalizedString>
      <GameDBLocalizedString>
        <LocID>SYM_CRP_SKIN_DISCOLOURATION</LocID>
        <Text>A bőr elszíneződése</Text>
      </GameDBLocalizedString>
      <GameDBLocalizedString>
        <LocID>SYM_CRP_SKIN_DISCOLOURATION_DESC</LocID>
        <Text>A páciens bőrfoltjai észrevehetően eltérnek normál bőrtónusától.</Text>
      </GameDBLocalizedString>
      <GameDBLocalizedString>
        <LocID>SYM_CRP_ULCERATION</LocID>
        <Text>Fekélyképződés</Text>
      </GameDBLocalizedString>
      <GameDBLocalizedString>
        <LocID>SYM_CRP_ULCERATION_DESC</LocID>
        <Text>A fekélyesedés a fekély kialakulása vagy kialakulása a test egy részén.  Fekélyesedést követően az érintett terület vérezhet vagy kellemetlen váladékozást okozhat.  A bőr fekélye fájdalmas sebet okozhat, amely hajlamos fertőzésre és gennyképződésre.</Text>
      </GameDBLocalizedString>
      <GameDBLocalizedString>
        <LocID>SYM_CRP_CVI</LocID>
        <Text>Krónikus vénás elégtelenség</Text>
      </GameDBLocalizedString>
      <GameDBLocalizedString>
        <LocID>SYM_CRP_CVI_DESC</LocID>
        <Text>Krónikus vénás elégtelenség akkor fordul elő, ha a lábvénák nem engedik vissza a vért a szívbe.  Normális esetben a vénák billentyűi gondoskodnak arról, hogy a vér a szív felé áramoljon.  De ha ezek a szelepek nem működnek jól, a vér visszafelé is áramolhat.  Emiatt vér gyűlhet össze a lábakban.</Text>
      </GameDBLocalizedString>
      <GameDBLocalizedString>
        <LocID>SYM_CRP_ECCHYMOSIS</LocID>
        <Text>Ecchymosis</Text>
      </GameDBLocalizedString>
      <GameDBLocalizedString>
        <LocID>SYM_CRP_ECCHYMOSIS_DESC</LocID>
        <Text>Az ecchymosis a bőr elszíneződése, amely a bőr alatti vérzés következménye.  A zúzódásokkal ellentétben az ecchymosist nem olyan ütés vagy ütés okozza, amely felszakította az ereket.</Text>
      </GameDBLocalizedString>
      <GameDBLocalizedString>
        <LocID>SYM_CRP_SF_THROMBOPHLEBITIS</LocID>
        <Text>Felületes thrombophlebitis</Text>
      </GameDBLocalizedString>
      <GameDBLocalizedString>
        <LocID>SYM_CRP_SF_THROMBOPHLEBITIS_DESC</LocID>
        <Text>A felületes thrombophlebitis (STP) gyulladásra és vérrögképződésre utal a felületes vénában, amely a bőr alatt fut.  Leggyakrabban a láb visszérében fordul elő, de előfordulhat sérülés után bármely felületes vénában is.</Text>
      </GameDBLocalizedString>
      <GameDBLocalizedString>
        <LocID>SYM_CRP_SKINBURN_MILD</LocID>
        <Text>Elsőfokú égés</Text>
      </GameDBLocalizedString>
      <GameDBLocalizedString>
        <LocID>SYM_CRP_SKINBURN_MILD_DESC</LocID>
        <Text>Az első fokú égést felületi égésnek vagy sebnek is nevezik.  Ez egy olyan sérülés, amely a bőr első rétegét érinti.</Text>
      </GameDBLocalizedString>
      <!--
	Translators, please ignore this:
	Used to quickly add new localisation to the mod 
	
	<GameDBLocalizedString>      
		<LocID>XYZ</LocID>                         
		<Text></Text>	
	</GameDBLocalizedString>
	
	<GameDBLocalizedString>      
		<LocID>XYZ_DESC</LocID>                         
		<Text></Text>	
	</GameDBLocalizedString>
	-->
    </LocalizedStrings>
  </GameDBStringTable>
</Database>