<Database>
  <GameDBStringTable ID="LOC_HU_ADDON_PLASTICS_SKILLS">
    <LanguageCode>hu</LanguageCode>
    <LanguageNameLocalized>Magyar</LanguageNameLocalized>
    <Contributors>
      <Name>Ratox</Name>
    </Contributors>
    <LocalizedStrings>
      <!-- ### Skills ### -->
      <GameDBLocalizedString>
        <LocID>DPT_PLASTICS</LocID>
        <Text>Plasztikai sebészet</Text>
      </GameDBLocalizedString>
      <GameDBLocalizedString>
        <LocID>SKILL_DOC_SPEC_PLAS</LocID>
        <Text>Plasztikai sebész (tanácsadó)</Text>
      </GameDBLocalizedString>
      <GameDBLocalizedString>
        <LocID>SKILL_DOC_SPEC_PLAS_DESCR</LocID>
        <Text>A plasztikai sebészet speciális eljárásokhoz biztosít hozzáférést különféle olyan állapotok kimutatására, diagnosztizálására és kezelésére, amelyek rekonstrukciós sebészeti feltalálást vagy kozmetikai sebészeti kérések feldolgozását igényelhetik.</Text>
      </GameDBLocalizedString>
      <GameDBLocalizedString>
        <LocID>SKILL_DOC_SPEC_PLAS_SURGERY</LocID>
        <Text>Plasztikai sebész szakorvos</Text>
      </GameDBLocalizedString>
      <GameDBLocalizedString>
        <LocID>SKILL_DOC_SPEC_PLAS_SURGERY_DESCR</LocID>
        <Text>A plasztikai sebész olyan orvos, aki invazív kozmetikai (esztétikai vagy megjelenéssel kapcsolatos) és helyreállító sebészetre szakosodott.</Text>
      </GameDBLocalizedString>
      <!-- ### ### -->
      <!-- ######################################## Vx.x.x.x Below ######################################## -->
      <!-- ### ### -->
    </LocalizedStrings>
  </GameDBStringTable>
</Database>