<Database>
  <!-- Plastic Surgery Mod by Sleepy068 -->
  <GameDBStringTable ID="LOC_H&#xD;&#xA;U_ADDON_PLASTICS_EXAMINATIONS">
    <LanguageCode>hu</LanguageCode>
    <LanguageNameLocalized>Magyar</LanguageNameLocalized>
    <Contributors>
      <Name>Ratox</Name>
    </Contributors>
    <LocalizedStrings>
      <!-- ================================================== -->
      <!-- ============= Plastic Surgery v1.0.6 ============= -->
      <!-- =================== CRP EXPORT =================== -->
      <!-- ================================================== -->
      <GameDBLocalizedString>
        <LocID>EXM_CRP_ELECTROPHORESIS</LocID>
        <Text>Elektroforézis mintavétel</Text>
      </GameDBLocalizedString>
      <GameDBLocalizedString>
        <LocID>EXM_CRP_ELECTROPHORESIS_DESC</LocID>
        <Text>Az elektroforézis egy laboratóriumi technika, amellyel DNS-, RNS- vagy fehérjemolekulákat választanak szét méretük és elektromos töltésük alapján.  Elektromos áramot használnak a szétválasztandó molekulák gélen keresztül történő mozgatására.  A gél pórusai úgy működnek, mint egy szita, lehetővé téve a kisebb molekulák gyorsabb mozgását, mint a nagyobb molekulák.  Az elektroforézis során alkalmazott körülmények beállíthatók a kívánt mérettartományba eső molekulák elválasztására.
Szükséges labor: Szövettan</Text>
      </GameDBLocalizedString>
      <GameDBLocalizedString>
        <LocID>EXM_CRP_ELECTROPHORESIS_TEST</LocID>
        <Text>Elektroforézis vizsgálat</Text>
      </GameDBLocalizedString>
      <GameDBLocalizedString>
        <LocID>EXM_CRP_ELECTROPHORESIS_TEST_DESC</LocID>
        <Text>A szövettani technikusok jelenleg a páciens által biztosított mintával dolgoznak.  Hamarosan vissza kell adniuk eredményeiket.</Text>
      </GameDBLocalizedString>
      <!--
		Translators, please ignore this:
		Used to quickly add new localisation to the mod 

		<GameDBLocalizedString>      
			<LocID>XYZ</LocID>                         
			<Text></Text>	
		</GameDBLocalizedString>

		<GameDBLocalizedString>      
			<LocID>XYZ_DESC</LocID>                         
			<Text></Text>	
		</GameDBLocalizedString>
		-->
    </LocalizedStrings>
  </GameDBStringTable>
</Database>