<Database>
  <!-- Plastic Surgery Mod by Sleepy068 -->
  <GameDBStringTable ID="LOC_HU_ADDON_PLASTICS_SYMPTOMS_MAIN">
    <LanguageCode>hu</LanguageCode>
    <LanguageNameLocalized>Magyar</LanguageNameLocalized>
    <Contributors>
      <Name>Ratox</Name>
    </Contributors>
    <LocalizedStrings>
      <!-- =========================================== -->
      <!-- ============= Plastic Surgery ============= -->
      <!-- =========================================== -->
      <!-- ================= Cosmetic ================ -->
      <GameDBLocalizedString>
        <LocID>SYM_PLAS_C001_V2</LocID>
        <Text>Betegkérés (mellnagyobbítás)</Text>
      </GameDBLocalizedString>
      <GameDBLocalizedString>
        <LocID>SYM_PLAS_C001_DESC</LocID>
        <Text>A páciens kifejezte, hogy kozmetikai mellnagyobbítást szeretne, hogy javítsa megjelenését.</Text>
      </GameDBLocalizedString>
      <GameDBLocalizedString>
        <LocID>SYM_PLAS_C002_V2</LocID>
        <Text>Beteg kérése (zsírleszívás)</Text>
      </GameDBLocalizedString>
      <GameDBLocalizedString>
        <LocID>SYM_PLAS_C002_DESC</LocID>
        <Text>A páciens kifejezte, hogy szeretné, ha a zsírleszívás javítaná megjelenését.</Text>
      </GameDBLocalizedString>
      <GameDBLocalizedString>
        <LocID>SYM_PLAS_C003_V2</LocID>
        <Text>Betegkérés (augmentációs orrplasztika)</Text>
      </GameDBLocalizedString>
      <GameDBLocalizedString>
        <LocID>SYM_PLAS_C003_DESC</LocID>
        <Text>A páciens kifejezte, hogy szeretné az augmentációs orrplasztikát, hogy javítsa megjelenését.</Text>
      </GameDBLocalizedString>
      <GameDBLocalizedString>
        <LocID>SYM_PLAS_C004_V2</LocID>
        <Text>Betegkérés (hajbeültetés)</Text>
      </GameDBLocalizedString>
      <GameDBLocalizedString>
        <LocID>SYM_PLAS_C004_DESC</LocID>
        <Text>A páciens kifejezte, hogy hajbeültetést szeretne, hogy javítsa megjelenését.</Text>
      </GameDBLocalizedString>
      <GameDBLocalizedString>
        <LocID>SYM_PLAS_C005</LocID>
        <Text>Betegkérés (kémiai hámlasztás)</Text>
      </GameDBLocalizedString>
      <GameDBLocalizedString>
        <LocID>SYM_PLAS_C005_DESC</LocID>
        <Text>A páciens kifejezte, hogy kémiai hámlasztást szeretne, hogy javítsa megjelenését.  A páciens csak enyhe hámlasztást szeretne, így semmi sem terheli túl a bőrt, és nem igényel hosszú távú kezelést.</Text>
      </GameDBLocalizedString>
      <GameDBLocalizedString>
        <LocID>SYM_PLAS_C006</LocID>
        <Text>Betegkérés (Spider Veins)</Text>
      </GameDBLocalizedString>
      <GameDBLocalizedString>
        <LocID>SYM_PLAS_C006_DESC</LocID>
        <Text>A páciens kifejezte, hogy olyan eljárást szeretne végezni, amellyel eltávolítják a pókvénákat (Telangiectasias) testük egy részéből vagy részeiből, hogy javítsák megjelenésüket.</Text>
      </GameDBLocalizedString>
      <GameDBLocalizedString>
        <LocID>SYM_PLAS_C007</LocID>
        <Text>Beteg kérése (bőrkondicionálás)</Text>
      </GameDBLocalizedString>
      <GameDBLocalizedString>
        <LocID>SYM_PLAS_C007_DESC</LocID>
        <Text>A páciens kifejezte, hogy botox injekciókat szeretne, hogy segítsen kondicionálni bőrét és javítani megjelenését.</Text>
      </GameDBLocalizedString>
      <GameDBLocalizedString>
        <LocID>SYM_PLAS_C008</LocID>
        <Text>Beteg kérése (bőrkondicionálás)</Text>
      </GameDBLocalizedString>
      <GameDBLocalizedString>
        <LocID>SYM_PLAS_C008_DESC</LocID>
        <Text>A páciens kifejezte, hogy szeretne bőr töltőanyag injekciókat adni bőrének kondicionálására és megjelenésének javítására.</Text>
      </GameDBLocalizedString>
      <GameDBLocalizedString>
        <LocID>SYM_PLAS_C009</LocID>
        <Text>Beteg kérése (bőrfiatalítás)</Text>
      </GameDBLocalizedString>
      <GameDBLocalizedString>
        <LocID>SYM_PLAS_C009_DESC</LocID>
        <Text>A páciens kifejezte, hogy szeretne egy lézeres felújító eljárást, amely elősegíti bőrének megfiatalítását és megjelenésének javítását.</Text>
      </GameDBLocalizedString>
      <!-- ================= Reconstructive ================ -->
      <GameDBLocalizedString>
        <LocID>SYM_PLAS_R001</LocID>
        <Text>Blepharospam (értékelés)</Text>
      </GameDBLocalizedString>
      <GameDBLocalizedString>
        <LocID>SYM_PLAS_R001_DESC</LocID>
        <Text>A blepharospasmusra nincs külön teszt.  A diagnózis fizikális vizsgálaton, kórtörténeten és egyéb lehetséges okok kizárásán alapul.  Az orvos értékelte a beteg tüneteit, és megállapította, hogy a diagnózis valóban blepharospasmus.</Text>
      </GameDBLocalizedString>
      <GameDBLocalizedString>
        <LocID>SYM_PLAS_R002_V2</LocID>
        <Text>Rosszul beállított szemek</Text>
      </GameDBLocalizedString>
      <GameDBLocalizedString>
        <LocID>SYM_PLAS_R002_DESC</LocID>
        <Text>Megerősítették, hogy a páciens szemei ​​rosszul vannak beállítva.</Text>
      </GameDBLocalizedString>
      <GameDBLocalizedString>
        <LocID>SYM_PLAS_R003</LocID>
        <Text>Egyszerű varikózus vénák</Text>
      </GameDBLocalizedString>
      <GameDBLocalizedString>
        <LocID>SYM_PLAS_R003_DESC</LocID>
        <Text>A betegnek visszerei vannak, de szerencsére meglehetősen egyszerűnek tűnnek, és hiányoznak a súlyosabb diagnózis jelei vagy tünetei.  A tüneteket okozó varikózus vénákat nem szabad figyelmen kívül hagyni, és azonnal kezelni kell, hogy elkerüljük a beteg kellemetlen érzését és megelőzzük a jövőbeni problémákat.</Text>
      </GameDBLocalizedString>
      <GameDBLocalizedString>
        <LocID>SYM_PLAS_R004_M</LocID>
        <Text>Véglegesen behajlított ujj</Text>
      </GameDBLocalizedString>
      <GameDBLocalizedString>
        <LocID>SYM_PLAS_R004_F</LocID>
        <Text>Véglegesen behajlított ujj</Text>
      </GameDBLocalizedString>
      <GameDBLocalizedString>
        <LocID>SYM_PLAS_R004_DESC</LocID>
        <Text>A páciens ujja tartósan befelé hajlik a tenyér felé.  A hajlítás a vastag szövet eredménye, amely az ujjat összehúzódó helyzetbe kényszeríti.  Az értékelés szerint ez a Dupuytren-kontraktúra oka.</Text>
      </GameDBLocalizedString>
      <GameDBLocalizedString>
        <LocID>SYM_PLAS_R005</LocID>
        <Text>Hipertrófiás hegesedés</Text>
      </GameDBLocalizedString>
      <GameDBLocalizedString>
        <LocID>SYM_PLAS_R005_DESC</LocID>
        <Text>A páciens hipertrófiás hegesedést mutatott, amely bizonyos fokú kényelmetlenséget okoz.  Bár ezek a hegek nem veszélyesek vagy életveszélyesek, a kényelmetlenség javítása segít a páciens életminőségének javításában.</Text>
      </GameDBLocalizedString>
      <GameDBLocalizedString>
        <LocID>SYM_PLAS_R006</LocID>
        <Text>Keloid hegesedés</Text>
      </GameDBLocalizedString>
      <GameDBLocalizedString>
        <LocID>SYM_PLAS_R006_DESC</LocID>
        <Text>A páciens keloid hegesedést mutatott, ami bizonyos fokú kényelmetlenséget okoz.  Bár ezek a hegek nem veszélyesek vagy életveszélyesek, a kényelmetlenség javítása segít a páciens életminőségének javításában.</Text>
      </GameDBLocalizedString>
      <!-- ================= Reconstructive Trauma ================ -->
      <GameDBLocalizedString>
        <LocID>SYM_PLAS_RT001_V2</LocID>
        <Text>A számjegy elvesztése</Text>
      </GameDBLocalizedString>
      <GameDBLocalizedString>
        <LocID>SYM_PLAS_RT001_DESC</LocID>
        <Text>Baleset vagy sérülés miatt a beteg egyik ujját amputálták.</Text>
      </GameDBLocalizedString>
      <!-- ================================================== -->
      <!-- ============= Plastic Surgery v1.0.6 ============= -->
      <!-- ================================================== -->
      <!-- ================= Cosmetic ================ -->
      <GameDBLocalizedString>
        <LocID>SYM_PLAS_C010</LocID>
        <Text>Betegkérés (mastopexia)</Text>
      </GameDBLocalizedString>
      <GameDBLocalizedString>
        <LocID>SYM_PLAS_C010_DESC</LocID>
        <Text>A páciens kifejezte, hogy masztopexiát szeretne, hogy javítsa megjelenését.</Text>
      </GameDBLocalizedString>
      <GameDBLocalizedString>
        <LocID>SYM_PLAS_C011</LocID>
        <Text>Betegkérés (szeptoplasztika)</Text>
      </GameDBLocalizedString>
      <GameDBLocalizedString>
        <LocID>SYM_PLAS_C011_DESC</LocID>
        <Text>A páciens kifejezte, hogy szeptoplasztikát szeretne, hogy javítsa megjelenését.</Text>
      </GameDBLocalizedString>
      <!-- ================= Checkups ================ -->
      <GameDBLocalizedString>
        <LocID>SYM_PLAS_CKU001</LocID>
        <Text>Szűrés (mellnagyobbítás)</Text>
      </GameDBLocalizedString>
      <GameDBLocalizedString>
        <LocID>SYM_PLAS_CKU001_DESC</LocID>
        <Text>A páciens tervezett időpontot egyeztetett orvosával a közelmúltban elvégzett mellnagyobbítási műtét után.</Text>
      </GameDBLocalizedString>
      <GameDBLocalizedString>
        <LocID>SYM_PLAS_CKU002</LocID>
        <Text>Kivizsgálás (augmentációs orrplasztika)</Text>
      </GameDBLocalizedString>
      <GameDBLocalizedString>
        <LocID>SYM_PLAS_CKU002_DESC</LocID>
        <Text>A páciens tervezett időpontot egyeztetett orvosával a közelmúltban elvégzett augmentációs orrplasztikai műtét után.</Text>
      </GameDBLocalizedString>
      <GameDBLocalizedString>
        <LocID>SYM_PLAS_CKU003</LocID>
        <Text>Kivizsgálás (zsírleszívás)</Text>
      </GameDBLocalizedString>
      <GameDBLocalizedString>
        <LocID>SYM_PLAS_CKU003_DESC</LocID>
        <Text>A páciens tervezett időpontot egyeztetett orvosával a közelmúltban elvégzett zsírleszívás műtétének követésére.</Text>
      </GameDBLocalizedString>
      <GameDBLocalizedString>
        <LocID>SYM_PLAS_CKU004</LocID>
        <Text>Kivizsgálás (mastopexia)</Text>
      </GameDBLocalizedString>
      <GameDBLocalizedString>
        <LocID>SYM_PLAS_CKU004_DESC</LocID>
        <Text>A páciens tervezett időpontot egyeztetett orvosával a közelmúltban elvégzett masztopexiás műtét után.</Text>
      </GameDBLocalizedString>
      <GameDBLocalizedString>
        <LocID>SYM_PLAS_CKU005</LocID>
        <Text>Kivizsgálás (szeptoplasztika)</Text>
      </GameDBLocalizedString>
      <GameDBLocalizedString>
        <LocID>SYM_PLAS_CKU005_DESC</LocID>
        <Text>A páciens tervezett időpontot egyeztetett orvosával a közelmúltbeli szeptoplasztikai műtét követésére.</Text>
      </GameDBLocalizedString>
      <!-- ================= Reconstructive ================ -->
      <GameDBLocalizedString>
        <LocID>SYM_PLAS_R008</LocID>
        <Text>Orr deformitások</Text>
      </GameDBLocalizedString>
      <GameDBLocalizedString>
        <LocID>SYM_PLAS_R008_DESC</LocID>
        <Text>A páciens orrdeformitásai vannak, amelyek befolyásolják az orr esztétikáját és funkcióit.</Text>
      </GameDBLocalizedString>
      <!-- ================= Reconstructive Trauma ================ -->
      <GameDBLocalizedString>
        <LocID>SYM_PLAS_RT002</LocID>
        <Text>Amputált lábujj</Text>
      </GameDBLocalizedString>
      <GameDBLocalizedString>
        <LocID>SYM_PLAS_RT002_DESC</LocID>
        <Text>Baleset vagy sérülés miatt amputálták a páciens egyik lábujját.</Text>
      </GameDBLocalizedString>
      <GameDBLocalizedString>
        <LocID>SYM_PLAS_RT003</LocID>
        <Text>Jóvátehetetlen szemsérülés</Text>
      </GameDBLocalizedString>
      <GameDBLocalizedString>
        <LocID>SYM_PLAS_RT003_DESC</LocID>
        <Text>A páciens egyik szemét teljesen kitörölték, és nem lehet visszanyerni.</Text>
      </GameDBLocalizedString>
      <!-- ================================================== -->
      <!-- ============= Plastic Surgery v1.0.7 ============= -->
      <!-- ================================================== -->
      <GameDBLocalizedString>
        <LocID>SYM_PLAS_C012</LocID>
        <Text>Beteg kérése (arcplasztika)</Text>
      </GameDBLocalizedString>
      <GameDBLocalizedString>
        <LocID>SYM_PLAS_C012_DESC</LocID>
        <Text>A páciens kifejezte, hogy arcnagyobbítást szeretne, hogy javítsa megjelenését.</Text>
      </GameDBLocalizedString>
      <GameDBLocalizedString>
        <LocID>SYM_PLAS_C013</LocID>
        <Text>Betegkérés (hasplasztika)</Text>
      </GameDBLocalizedString>
      <GameDBLocalizedString>
        <LocID>SYM_PLAS_C013_DESC</LocID>
        <Text>A páciens kifejezte, hogy szeretne egy hasplasztikát, hogy javítsa megjelenését.</Text>
      </GameDBLocalizedString>
      <GameDBLocalizedString>
        <LocID>SYM_PLAS_R009</LocID>
        <Text>Komplex varikózus vénák</Text>
      </GameDBLocalizedString>
      <GameDBLocalizedString>
        <LocID>SYM_PLAS_R009_DESC</LocID>
        <Text>A betegnek visszerei vannak, amelyek sajnos meglehetősen összetettnek tűnnek, és súlyosabb diagnózis jelei vagy tünetei vannak.  A tüneteket okozó varikózus vénákat nem szabad figyelmen kívül hagyni, és azonnal kezelni kell, hogy elkerüljük a beteg kellemetlen érzését és megelőzzük a jövőbeni problémákat.</Text>
      </GameDBLocalizedString>
      <GameDBLocalizedString>
        <LocID>SYM_PLAS_R010</LocID>
        <Text>Vénás fekély</Text>
      </GameDBLocalizedString>
      <GameDBLocalizedString>
        <LocID>SYM_PLAS_R010_DESC</LocID>
        <Text>A betegnek kóros sebe van, amelyet a sérült vénák okoztak.</Text>
      </GameDBLocalizedString>
      <GameDBLocalizedString>
        <LocID>SYM_PLAS_CKU006</LocID>
        <Text>Ellenőrzés (arcnagyobbítás)</Text>
      </GameDBLocalizedString>
      <GameDBLocalizedString>
        <LocID>SYM_PLAS_CKU006_DESC</LocID>
        <Text>A páciens tervezett időpontot egyeztetett orvosával a közelmúltban elvégzett arcplasztikai műtét után.</Text>
      </GameDBLocalizedString>
      <GameDBLocalizedString>
        <LocID>SYM_PLAS_CKU007</LocID>
        <Text>Kivizsgálás (hasplasztika)</Text>
      </GameDBLocalizedString>
      <GameDBLocalizedString>
        <LocID>SYM_PLAS_CKU007_DESC</LocID>
        <Text>A páciens tervezett időpontot egyeztetett orvosával a közelmúltban elvégzett hasplasztikai műtét után.</Text>
      </GameDBLocalizedString>
      <!--
	Translators, please ignore this:
	Used to quickly add new localisation to the mod 
	
	<GameDBLocalizedString>      
		<LocID>XYZ</LocID>                         
		<Text></Text>	
	</GameDBLocalizedString>
	
	<GameDBLocalizedString>      
		<LocID>XYZ_DESC</LocID>                         
		<Text></Text>	
	</GameDBLocalizedString>
	-->
    </LocalizedStrings>
  </GameDBStringTable>
</Database>