<Database>
  <!-- Plastic Surgery Mod by Sleepy068 -->
  <GameDBStringTable ID="LOC_HU&#xD;&#xA;_ADDON_PLASTICS_DIAGNOSES">
    <LanguageCode>hu</LanguageCode>
    <LanguageNameLocalized>Magyar</LanguageNameLocalized>
    <Contributors>
      <Name>Ratox</Name>
    </Contributors>
    <LocalizedStrings>
      <GameDBLocalizedString>
        <LocID>DIA_PLAS_C_BREAST_01_V2</LocID>
        <Text>Mellnagyobbítás (C)</Text>
      </GameDBLocalizedString>
      <GameDBLocalizedString>
        <LocID>DIA_PLAS_C_BREAST_01_DESC</LocID>
        <Text>A mellnagyobbítás, más néven augmentációs mammoplasztika, lehet kozmetikai (C) vagy rekonstrukciós (R) eljárás emlőrekonstrukciós műtét esetén.  Az eljárás során implantátumokat helyeznek be a mellek alá, hogy megnagyobbítsák azokat.  Az implantátum típusa és mérete olyan tényezőktől függ, mint például, hogy a páciens mekkora mellet szeretne, a mell anatómiája, a bőr vastagsága és rugalmassága, valamint a test típusa.  A páciens kifejezte, hogy kozmetikai mellnagyobbítást szeretne, hogy javítsa megjelenését.</Text>
      </GameDBLocalizedString>
      <GameDBLocalizedString>
        <LocID>DIA_PLAS_C_STOMACH_01_V2</LocID>
        <Text>Zsírleszívás (C)</Text>
      </GameDBLocalizedString>
      <GameDBLocalizedString>
        <LocID>DIA_PLAS_C_STOMACH_01_DESC</LocID>
        <Text>A zsírleszívás, más néven lipectomia vagy lipoplasztika, egy olyan eljárás, amely javítja a test körvonalait és arányait azáltal, hogy eltávolítja a felesleges zsírlerakódásokat, hogy karcsúsítson és átalakítsa a test bizonyos területeit.  A megcélzott általános területek közé tartozik a comb, a fenék, a has, a karok, a nyak és az áll alatt.  A kisebb mennyiségek zsírleszívását általában ambulánsan végzik, míg a nagyobb mennyiségeknél kórházi tartózkodásra van szükség a folyadékszint monitorozása érdekében, és ha a betegek bármilyen más betegségben szenvednek.  A páciens kifejezte, hogy zsírleszívást szeretne, hogy javítsa megjelenését.</Text>
      </GameDBLocalizedString>
      <GameDBLocalizedString>
        <LocID>DIA_PLAS_C_NOSE_01_V2</LocID>
        <Text>Augmentációs orrplasztika (C)</Text>
      </GameDBLocalizedString>
      <GameDBLocalizedString>
        <LocID>DIA_PLAS_C_NOSE_01_DESC</LocID>
        <Text>Augmentáció Az orrplasztika olyan műtét, amely megváltoztatja az orr alakját.  Az orrplasztika motivációja lehet az orr megjelenésének megváltoztatása, a légzés javítása vagy mindkettő.  Augmentáció Az orrplasztikát általában „orrműtétnek” nevezik. Ez a sebészeti eljárás az orr külső megjelenését vagy külső esztétikáját javítja. Ez gyakran magában foglalja a „görbe” orr átformálását vagy a nagy orr jobb arányba hozását az orrral.  az arc többi része.</Text>
      </GameDBLocalizedString>
      <GameDBLocalizedString>
        <LocID>DIA_PLAS_R_EYE_01</LocID>
        <Text>Blepharospasmus (R) (enyhe)</Text>
      </GameDBLocalizedString>
      <GameDBLocalizedString>
        <LocID>DIA_PLAS_R_EYE_01_DESC</LocID>
        <Text>A blefarospasmus a szemhéjizmok rendellenes összehúzódása.  Gyakran utal jóindulatú esszenciális blefarospasmusra (BEB), amely kétoldalú állapot és a fokális dystonia egy formája, amely a szemhéjak epizodikus bezárásához vezet.  Enyhébb esetekben a Botulinum Toxin injekció általánosan elfogadott kezelés.  Egytől négy napig tart a bénulás kezdete.  A teljes hatás általában körülbelül egy hétig tart, és gyakran négy hónapig tart.</Text>
      </GameDBLocalizedString>
      <GameDBLocalizedString>
        <LocID>DIA_PLAS_R_EYE_02_V2</LocID>
        <Text>Strabismus (R)</Text>
      </GameDBLocalizedString>
      <GameDBLocalizedString>
        <LocID>DIA_PLAS_R_EYE_02_DESC</LocID>
        <Text>A strabismus olyan állapot, amelyben a szemek nem illeszkednek megfelelően egymáshoz, amikor egy tárgyra néznek.  A tárgyra fókuszált szem váltakozhat.  Az állapot alkalmanként vagy folyamatosan jelen lehet.  Ha a gyermekkor nagy részében jelen van, amblyopiat vagy a mélységérzékelés elvesztését okozhatja.  Bár gyakran gyermekkori állapotnak tekintik, a strabismus előfordulása valójában magasabb a felnőtteknél.</Text>
      </GameDBLocalizedString>
      <GameDBLocalizedString>
        <LocID>DIA_PLAS_C_HAIR_01_V2</LocID>
        <Text>Hajbeültetés (C)</Text>
      </GameDBLocalizedString>
      <GameDBLocalizedString>
        <LocID>DIA_PLAS_C_HAIR_01_DESC</LocID>
        <Text>A hajbeültetés egy olyan sebészeti technika, amely során a szőrtüszőket a test egyik részéből, az úgynevezett „donor helyről” eltávolítják egy kopasz vagy kopaszodó testrészre, amelyet „recipiens helynek” neveznek.  A technikát elsősorban a férfias kopaszság kezelésére használják.  Ebben a minimálisan invazív eljárásban a kopaszodással szemben genetikailag ellenálló szőrtüszőket tartalmazó graftokat (például a fej hátsó részét) ültetik át a kopasz fejbőrbe.  A hajátültetés felhasználható a szempillák, szemöldökök, szakállszőrzet, mellkasszőrzet, szeméremszőrzet helyreállítására, valamint balesetek vagy műtétek, például arcplasztika vagy korábbi hajbeültetések okozta hegek kitöltésére.</Text>
      </GameDBLocalizedString>
      <GameDBLocalizedString>
        <LocID>DIA_PLAS_C_SKIN_01</LocID>
        <Text>Kémiai hámlasztás (könnyű hámlasztás) (C)</Text>
      </GameDBLocalizedString>
      <GameDBLocalizedString>
        <LocID>DIA_PLAS_C_SKIN_01_DESC</LocID>
        <Text>A kémiai hámlasztás egy olyan kezelési forma, amely kémiai oldatokkal korrigálja az archibákat, ráncokat és egyenetlen bőrpigmentációt.  Ennél a kezelésnél kémiai oldatot visznek fel a bőrre, amitől az "hólyagosodik" és végül lehámlik.  Az új bőr általában simább és kevésbé ráncos, mint a régi bőr.</Text>
      </GameDBLocalizedString>
      <GameDBLocalizedString>
        <LocID>DIA_PLAS_R_VEIN_01</LocID>
        <Text>Varikózus vénák (egyszerű) (R)</Text>
      </GameDBLocalizedString>
      <GameDBLocalizedString>
        <LocID>DIA_PLAS_R_VEIN_01_DESC</LocID>
        <Text>A varikózus vénák csavart, megnagyobbodott vénák.  Bármely felületes véna visszeressé válhat, de a leggyakrabban a lábakon található vénák érintettek.  Sok beteg számára a varikózis egyszerűen kozmetikai probléma.  Más betegeknél a varikózis fájdalmas fájdalmat és kényelmetlenséget okozhat, és súlyosabb problémákhoz vezethet.</Text>
      </GameDBLocalizedString>
      <GameDBLocalizedString>
        <LocID>DIA_PLAS_C_VEIN_01</LocID>
        <Text>Telangiectasias (C)</Text>
      </GameDBLocalizedString>
      <GameDBLocalizedString>
        <LocID>DIA_PLAS_C_VEIN_01_DESC</LocID>
        <Text>A telangiectasias, közismertebb nevén a pókvénák apró erek csoportjai, amelyek a bőr felszínéhez közel alakulnak ki.  Gyakran vörösek, kékek vagy lilák;  és pókháló kinézetűek.  Általában az arcon és a lábakon találhatók.</Text>
      </GameDBLocalizedString>
      <GameDBLocalizedString>
        <LocID>DIA_PLAS_R_HAND_01_M</LocID>
        <Text>Dupuytren kontraktúra (egyszerű) (R)</Text>
      </GameDBLocalizedString>
      <GameDBLocalizedString>
        <LocID>DIA_PLAS_R_HAND_01_F</LocID>
        <Text>Dupuytren kontraktúra (egyszerű) (R)</Text>
      </GameDBLocalizedString>
      <GameDBLocalizedString>
        <LocID>DIA_PLAS_R_HAND_01_DESC</LocID>
        <Text>A dupuytren kontraktúra, más néven tenyérfibromatózis, a kéz deformációja, amelyben egy vagy több ujj ízületei nem állíthatók ki teljesen, általában évek alatt alakul ki.  Az állapot egy szövetréteget érint, amely a tenyere bőre alatt fekszik.  A bőr alatt szövetcsomók képződnek – végül egy vastag zsinór jön létre, amely egy vagy több ujját hajlított helyzetbe tudja húzni.  Ha egyszerű, az állapot viszonylag könnyen korrigálható sebészeti beavatkozás nélkül.</Text>
      </GameDBLocalizedString>
      <GameDBLocalizedString>
        <LocID>DIA_PLAS_R_SCAR_01</LocID>
        <Text>Hipertrófiás heg (egyszerű) (R)</Text>
      </GameDBLocalizedString>
      <GameDBLocalizedString>
        <LocID>DIA_PLAS_R_SCAR_01_DESC</LocID>
        <Text>A hipertrófiás heg megvastagodott, széles, gyakran megemelkedett heg, amely a bőr sérülésein alakul ki.  A hegek gyakoriak a sebgyógyulási folyamat során, de a hipertrófiás heg a traumára vagy sérülésre adott abnormális reakció eredménye.  A hegek az égési sérülések gyakori szövődményei, de kialakulhatnak piercingek, vágások vagy akár akné után is.  A hipertrófiás hegek hasonlóak a keloid hegekhez, de általában enyhébbek, és nem nőnek túl az eredeti bőrsérülés határain.  A hegek nem veszélyesek vagy életveszélyesek.  Lehetnek viszketőek és fájdalmasak, de gyakrabban csak kozmetikai probléma.</Text>
      </GameDBLocalizedString>
      <GameDBLocalizedString>
        <LocID>DIA_PLAS_R_SCAR_02</LocID>
        <Text>Keloid heg (egyszerű) (R)</Text>
      </GameDBLocalizedString>
      <GameDBLocalizedString>
        <LocID>DIA_PLAS_R_SCAR_02_DESC</LocID>
        <Text>A keloidok a megemelkedett heg egy fajtája.  Ott fordulnak elő, ahol a bőr sérülés után meggyógyult.  Sokkal nagyobbra nőhetnek, mint az eredeti sérülés, amely a heget okozta.  Bármi, ami heget okozhat, keloidot okozhat.  Ez magában foglalja az égést, vágást vagy súlyos pattanásokat.</Text>
      </GameDBLocalizedString>
      <GameDBLocalizedString>
        <LocID>DIA_PLAS_R_T_REPLANT_01_V2</LocID>
        <Text>Amputált számjegy (GT)(R)(HB)</Text>
      </GameDBLocalizedString>
      <GameDBLocalizedString>
        <LocID>DIA_PLAS_R_T_REPLANT_01_DESC</LocID>
        <Text>A traumás amputáció egy testrész elvesztése baleset vagy sérülés következtében.  Ebben az esetben a páciens kezén egy ujjat amputáltak, és azonnali orvosi ellátást igényel a kéz és az ujj működésének helyreállítása érdekében.  Az éles, guillotine típusú (GT) sérülések viszonylag sértetlen környező szövetekkel rendelkeznek a legjobb replantáció utáni prognózissal, 77%-os sikeraránnyal.  A súlyos zúzódásos sérülések (CI), a többszintű sérülések és az avulziós sérülések gyakran olyan mértékben megrongálják a lágyszöveteket, hogy kizárják az esszenciális erek újracsatlakozását, lehetetlenné téve az újraültetést.  Ilyen esetekben szükség lehet a csonk revíziós amputációjára.  A beteg levágott testrésszel (HB) érkezett a kórházba.</Text>
      </GameDBLocalizedString>
      <GameDBLocalizedString>
        <LocID>DIA_PLAS_C_SKIN_02</LocID>
        <Text>Bőrkondicionálás (botulinum toxin terápia) (C)</Text>
      </GameDBLocalizedString>
      <GameDBLocalizedString>
        <LocID>DIA_PLAS_C_SKIN_02_DESC</LocID>
        <Text>A Botox injekciók elsősorban az arc ráncainak csökkentésére való képességükről ismertek.  A Botox injekciók bizonyos kémiai jeleket blokkolnak az idegekből, főleg az izmok összehúzódását okozó jeleket.  Ezeknek az injekcióknak a leggyakoribb alkalmazása a homlok és a szem körüli ráncokat okozó arcizmok ideiglenes ellazítása.</Text>
      </GameDBLocalizedString>
      <GameDBLocalizedString>
        <LocID>DIA_PLAS_C_SKIN_03</LocID>
        <Text>Bőrkondicionálás (dermális töltőanyagok) (C)</Text>
      </GameDBLocalizedString>
      <GameDBLocalizedString>
        <LocID>DIA_PLAS_C_SKIN_03_DESC</LocID>
        <Text>A dermális töltőanyagok, amelyeket néha lágyrész töltőanyagnak is neveznek, olyan anyagok, amelyeket a bőr alá fecskendeznek be, hogy csökkentsék a mimikai ráncok vagy vonalak megjelenését, és felhasználhatók az arc kontúrjainak javítására is az arc és az ajkak térfogatának növelésével, valamint a hegek megjelenésének javításával.  A dermális töltőanyagok biológiailag lebomlanak, ami azt jelenti, hogy természetesen eltűnnek a szervezetben.  A töltőanyag élettartama a márkától, a vastagságtól és a kezelt területtől függően változhat.</Text>
      </GameDBLocalizedString>
      <GameDBLocalizedString>
        <LocID>DIA_PLAS_C_SKIN_04</LocID>
        <Text>Bőrfiatalítás (lézeres felületkezelés) (C)</Text>
      </GameDBLocalizedString>
      <GameDBLocalizedString>
        <LocID>DIA_PLAS_C_SKIN_04_DESC</LocID>
        <Text>A lézeres resurfacing egy olyan arcfiatalító eljárás, amely lézerrel javítja a bőr megjelenését vagy kezeli a kisebb archibákat.  A lézeres felületkezelés csökkentheti a finom ráncok megjelenését az arcon.  Kezelheti a bőr tónusának elvesztését is, és javíthatja a páciens arcszínét, ha hegek vagy napfény által okozott károk vannak.  A lézeres felületkezelés nem tudja megszüntetni a túlzott vagy megereszkedett bőrt.</Text>
      </GameDBLocalizedString>
      <!-- ================================================== -->
      <!-- ============= Plastic Surgery v1.0.6 ============= -->
      <!-- ================================================== -->
      <GameDBLocalizedString>
        <LocID>DIA_PLAS_C_BREAST_02</LocID>
        <Text>Mellemelés (Mastopexy) C)</Text>
      </GameDBLocalizedString>
      <GameDBLocalizedString>
        <LocID>DIA_PLAS_C_BREAST_02_DESC</LocID>
        <Text>A mellfelvarrás, más néven mastopexia egy olyan eljárás, amely megemeli és feszesíti a melleket.  A műtéti eljárás során a mellbimbó-areola komplexumot is átformálják, és a mellkasfalon megemelkedik a mell.  A páciens kifejezte, hogy mellemelést szeretne, hogy javítsa megjelenését.</Text>
      </GameDBLocalizedString>
      <GameDBLocalizedString>
        <LocID>DIA_PLAS_C_NOSE_02</LocID>
        <Text>Szeptoplasztika (C)</Text>
      </GameDBLocalizedString>
      <GameDBLocalizedString>
        <LocID>DIA_PLAS_C_NOSE_02_DESC</LocID>
        <Text>A szeptoplasztika vagy a sövényrekonstrukció egy korrekciós sebészeti eljárás, amelyet az elhajlott orrsövény kiegyenesítésére végeznek – az orrsövény a két orrüreg közötti válaszfal.  Ideális esetben a septumnak az orr közepén kell lefutnia.  A páciens kifejezte, hogy szeptoplasztikát szeretne, hogy javítsa megjelenését.</Text>
      </GameDBLocalizedString>
      <GameDBLocalizedString>
        <LocID>DIA_PLAS_R_T_REPLANT_02</LocID>
        <Text>Amputált lábujj (GT)(R)(HB)</Text>
      </GameDBLocalizedString>
      <GameDBLocalizedString>
        <LocID>DIA_PLAS_R_T_REPLANT_02_DESC</LocID>
        <Text>A traumás amputáció egy testrész elvesztése baleset vagy sérülés következtében.  Ebben az esetben a páciens lábujját amputálták, és azonnali orvosi ellátást igényel a láb és a lábujj funkcióinak helyreállítása érdekében.  Az éles, guillotine típusú (GT) sérülések viszonylag sértetlen környező szövetekkel rendelkeznek a legjobb replantáció utáni prognózissal, 77%-os sikeraránnyal.  A súlyos zúzódásos sérülések (CI), a többszintű sérülések és az avulziós sérülések gyakran olyan mértékben megrongálják a lágyszöveteket, hogy kizárják az esszenciális erek újracsatlakozását, lehetetlenné téve az újraültetést.  Ilyen esetekben szükség lehet a csonk revíziós amputációjára.  A beteg levágott testrésszel (HB) érkezett a kórházba.</Text>
      </GameDBLocalizedString>
      <GameDBLocalizedString>
        <LocID>DIA_PLAS_R_NOSE_01</LocID>
        <Text>Orr deformitások</Text>
      </GameDBLocalizedString>
      <GameDBLocalizedString>
        <LocID>DIA_PLAS_R_NOSE_01_DESC</LocID>
        <Text>A páciens orrának szerkezeti hibái vannak, amelyek mind esztétikai, mind funkcionális problémákat okoznak.</Text>
      </GameDBLocalizedString>
      <GameDBLocalizedString>
        <LocID>DIA_PLAS_C_CHECKUP_01</LocID>
        <Text>Kivizsgálás: Mellnagyobbítás (C)</Text>
      </GameDBLocalizedString>
      <GameDBLocalizedString>
        <LocID>DIA_PLAS_C_CHECKUP_01_DESC</LocID>
        <Text>A betegnek időpontot kell követnie orvosával.  A páciens egy közelmúltban végzett mellnagyobbítási műtétet követ, és az orvos megvizsgálja a sebet, kicseréli a kötszereket, és szükség esetén eltávolítja a még a helyén lévő öltéseket, kapcsokat, ragasztókat vagy lefolyókat.</Text>
      </GameDBLocalizedString>
      <GameDBLocalizedString>
        <LocID>DIA_PLAS_C_CHECKUP_02</LocID>
        <Text>Kivizsgálás: Augmentációs orrplasztika (C)</Text>
      </GameDBLocalizedString>
      <GameDBLocalizedString>
        <LocID>DIA_PLAS_C_CHECKUP_02_DESC</LocID>
        <Text>A betegnek időpontot kell követnie orvosával.  A páciens a közelmúltban végzett augmentációs orrplasztikai műtétet követ, és az orvos megvizsgálja a sebet, kicseréli a kötszereket, és szükség esetén eltávolítja a még a helyén lévő öltéseket, kapcsokat, ragasztókat vagy lefolyókat.</Text>
      </GameDBLocalizedString>
      <GameDBLocalizedString>
        <LocID>DIA_PLAS_C_CHECKUP_03</LocID>
        <Text>Kivizsgálás: Zsírleszívás (C)</Text>
      </GameDBLocalizedString>
      <GameDBLocalizedString>
        <LocID>DIA_PLAS_C_CHECKUP_03_DESC</LocID>
        <Text>A betegnek időpontot kell követnie orvosával.  A páciens egy közelmúltban végzett zsírleszívási műtétet követ, és az orvos megvizsgálja a sebet, kicseréli a kötszereket, és szükség esetén eltávolítja a még a helyén lévő öltéseket, kapcsokat, ragasztókat vagy lefolyókat.</Text>
      </GameDBLocalizedString>
      <GameDBLocalizedString>
        <LocID>DIA_PLAS_R_T_BLAST_01</LocID>
        <Text>Robbantással kapcsolatos szemsérülés</Text>
      </GameDBLocalizedString>
      <GameDBLocalizedString>
        <LocID>DIA_PLAS_R_T_BLAST_01_DESC</LocID>
        <Text>A robbantással összefüggő szemsérülések a robbanóanyagok robbanása által okozott, behatoló és tompa erőből eredő sérülések speciális csoportját foglalják magukban a szemen és annak szerkezetében.  A beteg szeme teljesen el van törölve, ami lehetetlenné teszi a gyógyulást, és a helyzet kritikus.  Sürgősségi ellátásra és műtétre lesz szükség a további vérveszteség, fertőzések és a környező szövetek károsodásának megelőzése érdekében.</Text>
      </GameDBLocalizedString>
      <GameDBLocalizedString>
        <LocID>DIA_PLAS_C_CHECKUP_04</LocID>
        <Text>Kivizsgálás: masztopexia (C)</Text>
      </GameDBLocalizedString>
      <GameDBLocalizedString>
        <LocID>DIA_PLAS_C_CHECKUP_04_DESC</LocID>
        <Text>A betegnek időpontot kell követnie orvosával.  A páciens egy közelmúltban végzett masztopexiás műtétet követ, és az orvos megvizsgálja a sebet, kicseréli a kötszereket, és szükség esetén eltávolítja a még a helyén lévő öltéseket, kapcsokat, ragasztókat vagy lefolyókat.</Text>
      </GameDBLocalizedString>
      <GameDBLocalizedString>
        <LocID>DIA_PLAS_C_CHECKUP_05</LocID>
        <Text>Kivizsgálás: Szeptoplasztika (C)</Text>
      </GameDBLocalizedString>
      <GameDBLocalizedString>
        <LocID>DIA_PLAS_C_CHECKUP_05_DESC</LocID>
        <Text>A betegnek időpontot kell követnie orvosával.  A páciens egy nemrégiben elvégzett szeptoplasztikai műtétet követ, és az orvos megvizsgálja a sebet, kicseréli a kötszereket, és szükség esetén eltávolítja a még a helyén lévő öltéseket, kapcsokat, ragasztókat vagy lefolyókat.</Text>
      </GameDBLocalizedString>
      <!-- ================================================== -->
      <!-- ============= Plastic Surgery v1.0.7 ============= -->
      <!-- ================================================== -->
      <GameDBLocalizedString>
        <LocID>DIA_PLAS_C_CHEEK_01</LocID>
        <Text>arcplasztika (C)</Text>
      </GameDBLocalizedString>
      <GameDBLocalizedString>
        <LocID>DIA_PLAS_C_CHEEK_01_DESC</LocID>
        <Text>Az arcplasztika, amelyet néha arcimplantátumnak is neveznek, az arccsontok erősítésére vagy az orcák teltebbé tételére kerülnek behelyezésre.  A többi plasztikai sebészeti eljáráshoz hasonlóan az arcplasztika fiatalosabbá teheti a páciens arcát, vagy kiegyensúlyozza arcvonásait.</Text>
      </GameDBLocalizedString>
      <GameDBLocalizedString>
        <LocID>DIA_PLAS_C_TUMMY_01</LocID>
        <Text>Hasplasztika (C)</Text>
      </GameDBLocalizedString>
      <GameDBLocalizedString>
        <LocID>DIA_PLAS_C_TUMMY_01_DESC</LocID>
        <Text>A hasplasztika vagy "hasplasztika" egy kozmetikai sebészeti eljárás, amellyel a has vékonyabbá és feszesebbé válik.  A műtét során eltávolítják a felesleges bőrt és zsírt a has közepéről és aljáról, hogy megfeszítsék a hasfal izomzatát és fasciáját.</Text>
      </GameDBLocalizedString>
      <GameDBLocalizedString>
        <LocID>DIA_PLAS_R_VEIN_02</LocID>
        <Text>Varikózus vénák (komplex) (R)</Text>
      </GameDBLocalizedString>
      <GameDBLocalizedString>
        <LocID>DIA_PLAS_R_VEIN_02_DESC</LocID>
        <Text>A varikózus vénák csavart, megnagyobbodott vénák.  Bármely felületes véna visszeressé válhat, de a leggyakrabban a lábakon található vénák érintettek.  Sok beteg számára a varikózis egyszerűen kozmetikai probléma.  Más betegeknél a varikózis fájdalmas fájdalmat és kényelmetlenséget okozhat, és súlyosabb problémákhoz vezethet.</Text>
      </GameDBLocalizedString>
      <GameDBLocalizedString>
        <LocID>DIA_PLAS_R_VEIN_03</LocID>
        <Text>Vénás fekély (R)</Text>
      </GameDBLocalizedString>
      <GameDBLocalizedString>
        <LocID>DIA_PLAS_R_VEIN_03_DESC</LocID>
        <Text>A vénás fekélyek, amelyeket pangásnak, elégtelenségnek vagy varikózus fekélynek is neveznek, a vénás billentyűk hibás működésének a következménye, ami a vénák nyomásának növekedését okozza.  Ezek jellemzően a mediális vagy laterális disztális (alsó) láb mentén fordulnak elő.  Az ebből eredő vénás hipertónia vérgyülekezést okoz, ha az nem pumpálódik vissza olyan hatékonyan a szív felé, más néven vénás elégtelenség.  Az oxigén- és tápanyaghiány miatt a szövetek végső lebomlása, különösen a fibrin fehérje kapillárisai körül lerakódik, ami normális esetben a véralvadásban játszik szerepet, megakadályozza az oxigén és a tápanyagok áramlását a környező izomzatba és szövetekbe, ami viszont nekrózishoz és  fekélyesedés (Fibrin mandzsetta elmélet).</Text>
      </GameDBLocalizedString>
      <GameDBLocalizedString>
        <LocID>DIA_PLAS_C_CHECKUP_06</LocID>
        <Text>Ellenőrzés: arcplasztika (C)</Text>
      </GameDBLocalizedString>
      <GameDBLocalizedString>
        <LocID>DIA_PLAS_C_CHECKUP_06_DESC</LocID>
        <Text>A betegnek időpontot kell követnie orvosával.  A páciens egy közelmúltban végzett arcplasztikai műtétet követ, és az orvos megvizsgálja a sebet, kicseréli a kötszereket, és szükség esetén eltávolítja a még a helyén lévő öltéseket, kapcsokat, ragasztókat vagy lefolyókat.</Text>
      </GameDBLocalizedString>
      <GameDBLocalizedString>
        <LocID>DIA_PLAS_C_CHECKUP_07</LocID>
        <Text>Kivizsgálás: hasplasztika (C)</Text>
      </GameDBLocalizedString>
      <GameDBLocalizedString>
        <LocID>DIA_PLAS_C_CHECKUP_07_DESC</LocID>
        <Text>A betegnek időpontot kell követnie orvosával.  A páciens egy nemrégiben elvégzett hasplasztikai műtétet követ, és az orvos megvizsgálja a sebet, kicseréli a kötszereket, és szükség esetén eltávolítja a még a helyén lévő öltéseket, kapcsokat, ragasztókat vagy lefolyókat.</Text>
      </GameDBLocalizedString>
      <!-- ================================================== -->
      <!-- ============= Plastic Surgery v1.0.x ============= -->
      <!-- ================================================== -->
      <!--
		Translators, please ignore this:
		Used to quickly add new localisation to the mod 
		
		<GameDBLocalizedString>      
			<LocID>XYZ</LocID>                         
			<Text></Text>	
		</GameDBLocalizedString>
		
		<GameDBLocalizedString>      
			<LocID>XYZ_DESC</LocID>                         
			<Text></Text>	
		</GameDBLocalizedString>
		
		-->
    </LocalizedStrings>
  </GameDBStringTable>
</Database>