<Database>
	<!-- Plastic Surgery Mod by Sleepy068 -->
	<GameDBStringTable ID="LOC_EN_ADDON_PLASTICS_TREATMENTS">
	<LanguageCode>en</LanguageCode>
	<LanguageNameLocalized>English</LanguageNameLocalized>
	<Contributors>
	<Name>Sleepy068</Name>
	</Contributors>

	<LocalizedStrings>
	<!-- ==================================================== -->
	<!-- ============= Plastic Surgery vx.x.x.x ============= -->
	<!-- ==================================================== -->
		
	</LocalizedStrings>
	</GameDBStringTable>
</Database>
