<Database>
	<!-- Plastic Surgery Mod by Sleepy068 -->
	<GameDBStringTable ID="LOC_EN_ADDON_PLASTICS_SYMPTOMS">
	<LanguageCode>en</LanguageCode>
	<LanguageNameLocalized>English</LanguageNameLocalized>
	<Contributors>
	<Name>Sleepy068</Name>
	</Contributors>

	<LocalizedStrings>
	<!-- =========================================== -->
	<!-- ============= Plastic Surgery ============= -->
	<!-- =========================================== -->
	<GameDBLocalizedString>      
		<LocID>SYM_SLP_PLAS_NERVE_DAMAGE_V2</LocID>                               
		<Text>Postoperative Neuropathic Pain</Text>  
	</GameDBLocalizedString>
            
	<GameDBLocalizedString>      
		<LocID>SYM_SLP_PLAS_NERVE_DAMAGE_DESC</LocID>                   
		<Text>Postoperative neuropathic pain (PONP) can develop if nerves were damaged during a surgery. Damaged nerves cannot correctly transmit signals from various parts of the body to the brain. Instead, these signals become exaggerated, causing chronic pain that may persist for months or even years.</Text>  
	</GameDBLocalizedString>
	
	<GameDBLocalizedString>      
		<LocID>SYM_SLP_UNDESIRED_RESULTS_V2</LocID>                               
		<Text>Undesired Results</Text>  
	</GameDBLocalizedString>
            
	<GameDBLocalizedString>      
		<LocID>SYM_SLP_UNDESIRED_RESULTS_DESC</LocID>                   
		<Text>Unfavourable outcomes are part and parcel of performing surgeries of any kind. Post-treatment undesired results occur after a surgery or treatment has been completed and the result differs from what was expected. This may lead to further complications and increased stress for the patient.</Text>  
	</GameDBLocalizedString>
	
	<GameDBLocalizedString>      
		<LocID>SYM_SLP_S_SCAR_TISSUE_V2</LocID>                               
		<Text>Significant Scar Tissue</Text>  
	</GameDBLocalizedString>
            
	<GameDBLocalizedString>      
		<LocID>SYM_SLP_S_SCAR_TISSUE_DESC</LocID>                   
		<Text>A scar is a mark that is left on the skin after a wound or an injury to the surface of the skin has healed. The formation of scars or scar tissue is a normal part of the healing process, and occurs when the skin is cut due to injury or surgery. The growth of scar tissue is influenced by many factors, these include: The severity of the original injury. The size, depth and location of the wound on the body. Excess scar tissue, layers deep, can significantly reduce function and movement months after surgery. This can have negative effects and decrease patient satisfaction.</Text>  
	</GameDBLocalizedString>
	
	<GameDBLocalizedString>      
		<LocID>SYM_SLP_B_CAPSULAR_V2</LocID>                               
		<Text>Capsular Contracture</Text>  
	</GameDBLocalizedString>
            
	<GameDBLocalizedString>      
		<LocID>SYM_SLP_B_CAPSULAR_DESC</LocID>                   
		<Text>Capsular contracture is a breast augmentation complication that develops when internal scar tissue forms a tight or constricting capsule around a breast implant, contracting it until it becomes misshapen and hard.</Text>  
	</GameDBLocalizedString>
	
	<GameDBLocalizedString>      
		<LocID>SYM_SLP_BARSA_INFECTION_V2</LocID>                               
		<Text>Breast Implant Infection</Text>  
	</GameDBLocalizedString>
            
	<GameDBLocalizedString>      
		<LocID>SYM_SLP_BARSA_INFECTION_DESC</LocID>                   
		<Text>At face value, bacterial infection is a problem for any implantable medical device, including breast implants. Symptoms of an infection can include a high fever and breast pain, redness and/or swelling. If it appears that antibiotics alone won't clear the infection, then the surgeon may need to clean out the infected tissue and either replace or completely remove the implant.</Text>  
	</GameDBLocalizedString>
	
	<GameDBLocalizedString>      
		<LocID>SYM_SLP_FAILED_BA_V2</LocID>                               
		<Text>Failed Breast Augmentation</Text>  
	</GameDBLocalizedString>
            
	<GameDBLocalizedString>      
		<LocID>SYM_SLP_FAILED_BA_DESC</LocID>                   
		<Text>Due to surgery complications, the patient has been unable to have a sucessful cosmetic surgery outcome. They will not be happy about this. </Text>  
	</GameDBLocalizedString>
	
	<GameDBLocalizedString>      
		<LocID>SYM_SLP_B_IMPLANT_EXTRUSION_V2</LocID>                               
		<Text>Breast Implant Extrusion</Text>  
	</GameDBLocalizedString>
            
	<GameDBLocalizedString>      
		<LocID>SYM_SLP_B_IMPLANT_EXTRUSION_DESC</LocID>                   
		<Text>In relatively rare cases after implant reconstruction surgery, the surface of the implant or tissue expander comes through the skin and becomes exposed. This is called “extrusion". The patient may develop an infection if they have an extruded or exposed implant. If the breast implant has already extruded or is about to extrude, the plastic surgeon will have to remove it or replace it via corrective surgery.</Text>  
	</GameDBLocalizedString>
	
	<GameDBLocalizedString>      
		<LocID>SYM_PLAS_ABSCESS</LocID>                   
		<Text>Abscess</Text>  
	</GameDBLocalizedString>
	
	<GameDBLocalizedString>      
		<LocID>SYM_SLP_NOSE_SEPTALPERF_V2</LocID>                                          	
		<Text>Nasal Septal Perforation</Text>  
	</GameDBLocalizedString>
	
	<GameDBLocalizedString>      
		<LocID>SYM_SLP_NOSE_SEPTALPERF_DESC</LocID>                   
		<Text>A nasal septum perforation is a medical condition in which the nasal septum, the bony/cartilaginous wall dividing the nasal cavities, develops a hole or fissure. Some perforations can cause bleeding, pain, and a whistling sound when inhaling. If dried blood or scabs build up, you could also have trouble breathing through your nose. Many perforations do not need to be closed but serious or complicated ones can lead to infections.</Text>  
	</GameDBLocalizedString>

	<GameDBLocalizedString>      
		<LocID>SYM_SLP_EYE_GLOBE_PERFORATION_V2</LocID>                                          	
		<Text>Globe Perforation</Text>  
	</GameDBLocalizedString>
	
	<GameDBLocalizedString>      
		<LocID>SYM_SLP_EYE_GLOBE_PERFORATION_DESC</LocID>                   
		<Text>Globe rupture occurs when the integrity of the outer membranes of the eye is disrupted by blunt or penetrating trauma. Any full-thickness injury to the cornea, sclera, or both is considered an open globe injury and is approached in the same manner in the acute setting. Globe rupture is an ophthalmologic emergency and prompt action is critical to maximizing functional outcome. Although the globe's position within the orbit protects it from injury in many situations, damage to the posterior segment of the eye is associated with a very high frequency of permanent visual loss.</Text>  
	</GameDBLocalizedString>
	
	<GameDBLocalizedString>      
		<LocID>SYM_SLP_EYE_UNDESIRED_RESULTS_V2</LocID>                                          	
		<Text>Unsatisfactory Eye Alignment</Text>  
	</GameDBLocalizedString>
	
	<GameDBLocalizedString>      
		<LocID>SYM_SLP_EYE_UNDESIRED_RESULTS_DESC</LocID>                   
		<Text>Unsatisfactory eye alignment after surgery is the most common complication when correcting Strabismus and other eye misalignment issues. Despite careful pre-operative measurements and utilization of common surgical dosage tables, a certain percentage of patients will be overcorrected or undercorrected after surgery requiring corrective surgical procedures to alleviate the issue.</Text>  
	</GameDBLocalizedString>
	
	<GameDBLocalizedString>      
		<LocID>SYM_SLP_EYE_CIC_V2</LocID>                               
		<Text>Conjunctival Inclusion Cyst</Text>  
	</GameDBLocalizedString>
            
	<GameDBLocalizedString>      
		<LocID>SYM_SLP_EYE_CIC_DESC</LocID>                   
		<Text>Conjunctival inclusion cysts occur when conjunctival epithelial cells are buried beneath the conjunctival surface during surgery. These cells can multiply over time to create a subconjunctival cyst days to years after the original surgery. Conjunctival scaring is more common after a re-operation and also after a surgical resection, when advancement of the muscle belly may advance the thicker posterior Tenon’s capsule closer to the limbus where it is more visible.</Text>  
	</GameDBLocalizedString>
	
	<GameDBLocalizedString>      
		<LocID>SYM_SLP_EYE_SLIPPED_MUSCLE_V2</LocID>                               
		<Text>Slipped Muscle</Text>  
	</GameDBLocalizedString>
            
	<GameDBLocalizedString>      
		<LocID>SYM_SLP_EYE_SLIPPED_MUSCLE_DESC</LocID>                   
		<Text>Slipped muscles develop when the muscular capsule is imbricated without including the muscle or muscle tendon during strabismus surgery. When the capsule is reattached to the sclera, the tendon and muscle are then free to slip posteriorally from the site of attachment.</Text>  
	</GameDBLocalizedString>
	
	<!-- ==================================================== -->
	<!-- ============= Plastic Surgery vx.x.x.x ============= -->
	<!-- ==================================================== -->


	</LocalizedStrings>
	</GameDBStringTable>
</Database>