<Database>
	<!-- Obsolete Exams (Should be safe to delete eight weeks after removing from diagnosis) 
		 Always comment out, never truely delete in case users have issues of removal after eight weeks.
	-->

	<!-- ######################### -->
	<!-- Plastic Surgery Mod by Sleepy068 -->
	
	<!-- Electrophoresis (Sleepy068)
	TAGS: Electrophoresis, plastic surgery, fluid, csf, cerebrospinal fluid
	DESC: Electrophoresis is a laboratory technique used to separate DNA, RNA, or protein molecules based on their size and electrical charge. -->
	<GameDBExamination ID="EXM_CRP_ELECTROPHORESIS">
        <AbbreviationLocID>EXM_CRP_ELECTROPHORESIS_DESC</AbbreviationLocID>
        <DiscomfortLevel>Medium</DiscomfortLevel>
        <Procedure>
            <StaffSelectionRules>REQUIRED_ROOM_OR_DEFAULT_ROOM</StaffSelectionRules>
            <RequiredDoctorQualificationList>
                <SkillRef>SKILL_DOC_QUALIF_GENERAL_MEDICINE</SkillRef>
            </RequiredDoctorQualificationList>
			
            <RequiredEquipmentList>
                <RequiredEquipment>
                    <Tag>sit_exam</Tag>
                </RequiredEquipment>
                <RequiredEquipment>
                    <Tag>doc_equipment</Tag>
                </RequiredEquipment>
                <RequiredEquipment>
                    <Tag>clean_hands</Tag>
                </RequiredEquipment>
            </RequiredEquipmentList>
           
            <RequiredRoomTags>
				<Tag>examinations_basic_equipment</Tag>
				<Tag>ward</Tag>
            </RequiredRoomTags>
            
            <ProcedureScript>ProcedureScriptExaminationGeneralEquipment</ProcedureScript>
            <AnimationSetupSitting>
                <AnimationNameIn>stand_blood_sampling_in</AnimationNameIn>
                <AnimationNameIdle>stand_blood_sampling_idle</AnimationNameIdle>
                <AnimationNameOut>stand_blood_sampling_out</AnimationNameOut>
            </AnimationSetupSitting>
            <AnimationSetupLying>
                <AnimationNameIn>stand_examination_in</AnimationNameIn>
                <AnimationNameIdle>stand_examination_idle</AnimationNameIdle>
                <AnimationNameOut>stand_examination_out</AnimationNameOut>
            </AnimationSetupLying>
            <DressLevel>FULL</DressLevel>
            <Biohazard>true</Biohazard>
            <Priority>10</Priority>
        </Procedure>
        <Cost>50</Cost>
        <IconIndex>1665</IconIndex>
		
		<CustomIconBigAssetRef>ASSET_PLAS_EXM_ICON_001</CustomIconBigAssetRef>
        <CustomIconSmallAssetRef>ASSET_PLAS_EXM_ICON_002</CustomIconSmallAssetRef>
		
        <DurationHours>0</DurationHours>
        <LabTestingExaminationRef>EXM_CRP_ELECTROPHORESIS_TEST</LabTestingExaminationRef>
    </GameDBExamination>
	
	<GameDBExamination ID="EXM_CRP_ELECTROPHORESIS_TEST">
        <AbbreviationLocID>EXM_CRP_ELECTROPHORESIS_DESC</AbbreviationLocID>
        <DiscomfortLevel>None</DiscomfortLevel>
        <Procedure>
            <StaffSelectionRules>REQUIRED_ROOM_IGNORE_DOCTOR</StaffSelectionRules>
            <RequiredSkillsToPrescribe>
                <SkillRef>SKILL_DOC_QUALIF_GENERAL_MEDICINE</SkillRef>
            </RequiredSkillsToPrescribe>
            <RequiredStatLabQualificationRef>SKILL_LAB_SPECIALIST_QUALIF_SCIENCE_EDUCATION</RequiredStatLabQualificationRef>
            <RequiredEquipmentList>
                <RequiredEquipment>
                    <Tag>stat_lab_exam</Tag>
                    <DurationHours>0.1</DurationHours>
                    <BlocksSpecialist>true</BlocksSpecialist>
                </RequiredEquipment>
                <RequiredEquipment>
                    <Tag>lab_eq</Tag>
                    <DurationHours>0.1</DurationHours>
                    <BlocksSpecialist>false</BlocksSpecialist>
                </RequiredEquipment>
                <RequiredEquipment>
                    <Tag>microscope</Tag>
                    <DurationHours>0.1</DurationHours>
                    <BlocksSpecialist>false</BlocksSpecialist>
                </RequiredEquipment>
                <RequiredEquipment>
                    <Tag>biohazard_trash</Tag>
                    <DurationHours>0.1</DurationHours>
                    <BlocksSpecialist>true</BlocksSpecialist>
                </RequiredEquipment>
                <RequiredEquipment>
                    <Tag>clean_hands</Tag>
                    <DurationHours>0.1</DurationHours>
                    <BlocksSpecialist>true</BlocksSpecialist>
                </RequiredEquipment>
            </RequiredEquipmentList>

            <RequiredRoomTags>
                <Tag>deprecated_lab</Tag>
                <Tag>histology_lab</Tag>
            </RequiredRoomTags>
            
            <Priority>20</Priority>
            <FallbackLabDepartmentRef>DPT_LAB</FallbackLabDepartmentRef>
        </Procedure>
        <Cost>50</Cost>
        <IconIndex>1665</IconIndex>
		
		<CustomIconBigAssetRef>ASSET_PLAS_EXM_ICON_003</CustomIconBigAssetRef>
        <CustomIconSmallAssetRef>ASSET_PLAS_EXM_ICON_004</CustomIconSmallAssetRef>
		
        <DurationHours>2</DurationHours>
    </GameDBExamination>
	
	
	
</Database>