﻿<Database>
	<!-- Plastic Surgery Mod by Sleepy068 -->
	<!-- TRT_HOSPITALIZATION_NORMAL -->
	<!-- TRT_HOSPITALIZATION_HIGH_PRIORITY -->
	<!-- Reconstructive Surgeries -->
	
	<!-- Nerve Reconstructive Surgery -->
	<GameDBTreatment ID="SUR_SLP_PLAS_NERVE_DECOM_SURGERY"> <!-- $- -->
        <AbbreviationLocID>SUR_SLP_NERVE_DECOM_SURGERY_DESC</AbbreviationLocID>
        <DiscomfortLevel>Medium</DiscomfortLevel>
        <Procedure>
            <StaffSelectionRules>DEFAULT_ROOMS</StaffSelectionRules>
            <RequiredSkillsToPrescribe>
                <SkillRef>SKILL_DOC_SPEC_NEUROLOGY</SkillRef>
            </RequiredSkillsToPrescribe>

            <RequiredDoctorQualificationList>
                <SkillRef>SKILL_DOC_SPEC_NEURO_SURGERY</SkillRef>
                <SkillRef>SKILL_DOC_SPEC_ANESTHESIOLOGY</SkillRef>

                <!-- needs to be last so the anesthesiologist doesn't get selected as assistant-->
                <SkillRef>SKILL_DOC_SPEC_NEUROLOGY</SkillRef>
            </RequiredDoctorQualificationList>

            <RequiredDoctorRoles>
                <RoleRef>EMPL_ROLE_SURGERY</RoleRef>
                <RoleRef>EMPL_ROLE_SURGERY_ANESTHESIOLOGY</RoleRef>
                <RoleRef>EMPL_ROLE_SURGERY_ASSIST</RoleRef>
            </RequiredDoctorRoles>
			
			<FallbackDoctorDepartments>
                <DepartmentRef>DPT_DEFAULT</DepartmentRef>
                <DepartmentRef>DPT_ICU</DepartmentRef>
                <DepartmentRef>DPT_DEFAULT</DepartmentRef>
            </FallbackDoctorDepartments>

            <RequiredNurseQualificationList>
                <SkillRef>SKILL_NURSE_SPEC_MEDICAL_SURGERY</SkillRef>
                <SkillRef>SKILL_NURSE_SPEC_MEDICAL_SURGERY</SkillRef>
            </RequiredNurseQualificationList>

            <RequiredNurseRoles>
                <RoleRef>EMPL_ROLE_SURGERY_NURSE</RoleRef>
                <RoleRef>EMPL_ROLE_SURGERY_NURSE</RoleRef>
            </RequiredNurseRoles>

            <RequiredRoomTags>
                <Tag>operating_room</Tag>
            </RequiredRoomTags>

            <BedPositionsStaff>
                <MainSurgeonPosition>BODY_LEFT</MainSurgeonPosition>
                <SurgeonAsistantPosition>BODY_RIGHT</SurgeonAsistantPosition>
                <AnesthesiologistPosition>NONE</AnesthesiologistPosition>
                <SurgeryNursePosition>FEET_LEFT</SurgeryNursePosition>
                <AssistantNursePosition>FEET_RIGHT</AssistantNursePosition>
            </BedPositionsStaff>

            <Complications>
                <Complication>
                    <SymptomRef>SYM_PLAS_ABSCESS</SymptomRef>
                    <ProbabilityPercent>9</ProbabilityPercent>
                    <ProbabilityPercentMaxSkillLevel>2</ProbabilityPercentMaxSkillLevel>
                </Complication>
                <Complication>
                    <SymptomRef>SYM_WOUND_INFECTION</SymptomRef>
                    <ProbabilityPercent>7</ProbabilityPercent>
                    <ProbabilityPercentMaxSkillLevel>2</ProbabilityPercentMaxSkillLevel>
                </Complication>
				<Complication>
                    <SymptomRef>SYM_BLEEDING_FROM_THE_WOUND</SymptomRef>
                    <ProbabilityPercent>8</ProbabilityPercent>
                    <ProbabilityPercentMaxSkillLevel>3</ProbabilityPercentMaxSkillLevel>
                </Complication>
				<Complication>
                    <SymptomRef>SYM_CRP_ANAPHYLACTIC_SHOCK</SymptomRef>
                    <ProbabilityPercent>1</ProbabilityPercent>
                    <ProbabilityPercentMaxSkillLevel>1</ProbabilityPercentMaxSkillLevel>
                </Complication>

            </Complications>

            <RequiredEquipmentList>
                <RequiredEquipment>
                    <Tag>operating_table_head</Tag><!--0-->
                </RequiredEquipment>
                <RequiredEquipment>
                    <Tag>operating_table_legs</Tag><!--1-->
                </RequiredEquipment>
                <RequiredEquipment>
                    <Tag>scrubbing_sink</Tag><!--2-->
                </RequiredEquipment>
                <RequiredEquipment>
                    <Tag>scrubbing_sink</Tag><!--3-->
                </RequiredEquipment>
                <RequiredEquipment>
                    <Tag>scrubbing_sink</Tag><!--4-->
                </RequiredEquipment>
                <RequiredEquipment>
                    <Tag>scrubs_shelf</Tag><!--5-->
                </RequiredEquipment>
                <RequiredEquipment>
                    <Tag>scrubs_shelf</Tag><!--6-->
                </RequiredEquipment>
                <RequiredEquipment>
                    <Tag>scrubs_shelf</Tag><!--7-->
                </RequiredEquipment>
                <RequiredEquipment>
                    <Tag>warming_cabinet</Tag><!--8-->
                </RequiredEquipment>
                <RequiredEquipment>
                    <Tag>doc_equipment</Tag><!--9-->
                </RequiredEquipment>
                <RequiredEquipment>
                    <Tag>surgery_instruments</Tag><!--10-->
                </RequiredEquipment>
                <RequiredEquipment>
                    <Tag>electrocautery_machine</Tag><!--11-->
                </RequiredEquipment>
                <RequiredEquipment>
                    <Tag>stool</Tag><!--12-->
                </RequiredEquipment>
                <RequiredEquipment>
                    <Tag>anesthetic_machine</Tag><!--13-->
                </RequiredEquipment>
                <RequiredEquipment>
                    <Tag>defibrillator</Tag><!--14-->
                </RequiredEquipment>
                <RequiredEquipment>
                    <Tag>succion_machine</Tag><!--15-->
                </RequiredEquipment>
            </RequiredEquipmentList>

            <ProcedureScript>ProcedureScriptTreatmentSurgery</ProcedureScript>
            <SpeechBubbleRef>BUBBLE_PLACEHOLDER</SpeechBubbleRef>
            <EquipmentFromAnyDepartment>true</EquipmentFromAnyDepartment>
        </Procedure>
        <TreatmentType>SURGERY</TreatmentType>
        <Cost>100</Cost>
        <IconIndex>1945</IconIndex>
        <HospitalizationTreatmentRef>TRT_HOSPITALIZATION_HIGH_PRIORITY</HospitalizationTreatmentRef>

    </GameDBTreatment>
	
    <!-- Post-Mastectomy Breast Reconstruction (ONCOLOGY Link) -->
		<!-- Breast Implant Extrusion -->
	
	<!-- Scar Revision -->
	<GameDBTreatment ID="SUR_SLP_PLAS_SCAR_REVISION_SURGERY"> <!-- $- -->
        <AbbreviationLocID>SUR_SLP_PLAS_SCAR_REVISION_SURGERY_DESC</AbbreviationLocID>
        <DiscomfortLevel>Low</DiscomfortLevel>
        <Procedure>
            <StaffSelectionRules>DEFAULT_ROOMS</StaffSelectionRules>
            <RequiredSkillsToPrescribe>
                <SkillRef>SKILL_DOC_SPEC_PLAS</SkillRef>
            </RequiredSkillsToPrescribe>

            <RequiredDoctorQualificationList>
                <SkillRef>SKILL_DOC_SPEC_PLAS_SURGERY</SkillRef>
                <SkillRef>SKILL_DOC_SPEC_ANESTHESIOLOGY</SkillRef>

                <!-- needs to be last so the anesthesiologist doesn't get selected as assistant-->
                <SkillRef>SKILL_DOC_SPEC_PLAS</SkillRef>
            </RequiredDoctorQualificationList>

            <RequiredDoctorRoles>
                <RoleRef>EMPL_ROLE_SURGERY</RoleRef>
                <RoleRef>EMPL_ROLE_SURGERY_ANESTHESIOLOGY</RoleRef>
                <RoleRef>EMPL_ROLE_SURGERY_ASSIST</RoleRef>
            </RequiredDoctorRoles>
			
			<FallbackDoctorDepartments>
                <DepartmentRef>DPT_DEFAULT</DepartmentRef>
                <DepartmentRef>DPT_ICU</DepartmentRef>
                <DepartmentRef>DPT_DEFAULT</DepartmentRef>
            </FallbackDoctorDepartments>

            <RequiredNurseQualificationList>
                <SkillRef>SKILL_NURSE_SPEC_MEDICAL_SURGERY</SkillRef>
                <SkillRef>SKILL_NURSE_SPEC_MEDICAL_SURGERY</SkillRef>
            </RequiredNurseQualificationList>

            <RequiredNurseRoles>
                <RoleRef>EMPL_ROLE_SURGERY_NURSE</RoleRef>
                <RoleRef>EMPL_ROLE_SURGERY_NURSE</RoleRef>
            </RequiredNurseRoles>

            <RequiredRoomTags>
                <Tag>operating_room</Tag>
            </RequiredRoomTags>

            <BedPositionsStaff>
                <MainSurgeonPosition>BODY_LEFT</MainSurgeonPosition>
                <SurgeonAsistantPosition>BODY_RIGHT</SurgeonAsistantPosition>
                <AnesthesiologistPosition>NONE</AnesthesiologistPosition>
                <SurgeryNursePosition>FEET_LEFT</SurgeryNursePosition>
                <AssistantNursePosition>FEET_RIGHT</AssistantNursePosition>
            </BedPositionsStaff>

            <Complications>
                <Complication>
                    <SymptomRef>SYM_PLAS_ABSCESS</SymptomRef>
                    <ProbabilityPercent>6</ProbabilityPercent>
                    <ProbabilityPercentMaxSkillLevel>1</ProbabilityPercentMaxSkillLevel>
                </Complication>
                <Complication>
                    <SymptomRef>SYM_WOUND_INFECTION</SymptomRef>
                    <ProbabilityPercent>7</ProbabilityPercent>
                    <ProbabilityPercentMaxSkillLevel>2</ProbabilityPercentMaxSkillLevel>
                </Complication>
				<Complication>
                    <SymptomRef>SYM_BLEEDING_FROM_THE_WOUND</SymptomRef>
                    <ProbabilityPercent>5</ProbabilityPercent>
                    <ProbabilityPercentMaxSkillLevel>1</ProbabilityPercentMaxSkillLevel>
                </Complication>
				<Complication>
                    <SymptomRef>SYM_CRP_ANAPHYLACTIC_SHOCK</SymptomRef>
                    <ProbabilityPercent>1</ProbabilityPercent>
                    <ProbabilityPercentMaxSkillLevel>1</ProbabilityPercentMaxSkillLevel>
                </Complication>
            </Complications>

            <RequiredEquipmentList>
                <RequiredEquipment>
                    <Tag>operating_table_head</Tag><!--0-->
                </RequiredEquipment>
                <RequiredEquipment>
                    <Tag>operating_table_legs</Tag><!--1-->
                </RequiredEquipment>
                <RequiredEquipment>
                    <Tag>scrubbing_sink</Tag><!--2-->
                </RequiredEquipment>
                <RequiredEquipment>
                    <Tag>scrubbing_sink</Tag><!--3-->
                </RequiredEquipment>
                <RequiredEquipment>
                    <Tag>scrubbing_sink</Tag><!--4-->
                </RequiredEquipment>
                <RequiredEquipment>
                    <Tag>scrubs_shelf</Tag><!--5-->
                </RequiredEquipment>
                <RequiredEquipment>
                    <Tag>scrubs_shelf</Tag><!--6-->
                </RequiredEquipment>
                <RequiredEquipment>
                    <Tag>scrubs_shelf</Tag><!--7-->
                </RequiredEquipment>
                <RequiredEquipment>
                    <Tag>warming_cabinet</Tag><!--8-->
                </RequiredEquipment>
                <RequiredEquipment>
                    <Tag>doc_equipment</Tag><!--9-->
                </RequiredEquipment>
                <RequiredEquipment>
                    <Tag>surgery_instruments</Tag><!--10-->
                </RequiredEquipment>
                <RequiredEquipment>
                    <Tag>electrocautery_machine</Tag><!--11-->
                </RequiredEquipment>
                <RequiredEquipment>
                    <Tag>stool</Tag><!--12-->
                </RequiredEquipment>
                <RequiredEquipment>
                    <Tag>anesthetic_machine</Tag><!--13-->
                </RequiredEquipment>
                <RequiredEquipment>
                    <Tag>defibrillator</Tag><!--14-->
                </RequiredEquipment>
                <RequiredEquipment>
                    <Tag>succion_machine</Tag><!--15-->
                </RequiredEquipment>
            </RequiredEquipmentList>

            <ProcedureScript>ProcedureScriptTreatmentSurgery</ProcedureScript>
            <SpeechBubbleRef>BUBBLE_PLACEHOLDER</SpeechBubbleRef>
            <EquipmentFromAnyDepartment>true</EquipmentFromAnyDepartment>
        </Procedure>
        <TreatmentType>SURGERY</TreatmentType>
        <Cost>100</Cost>
        <IconIndex>1945</IconIndex>
        <HospitalizationTreatmentRef>TRT_HOSPITALIZATION_NORMAL</HospitalizationTreatmentRef>
		
		<CustomIconBigAssetRef>ASSET_PLAS_SUR_ICON_005</CustomIconBigAssetRef>
        <CustomIconSmallAssetRef>ASSET_PLAS_SUR_ICON_006</CustomIconSmallAssetRef>

    </GameDBTreatment>
	
	<!-- Implant Removal (From Infection for Want) -->
	<GameDBTreatment ID="SUR_SLP_PLAS_IMPLANT_REMOVAL"> <!-- $- -->
        <AbbreviationLocID>SUR_SLP_PLAS_IMPLANT_REMOVAL_DESC</AbbreviationLocID>
        <DiscomfortLevel>High</DiscomfortLevel>
        <Procedure>
            <StaffSelectionRules>DEFAULT_ROOMS</StaffSelectionRules>
            <RequiredSkillsToPrescribe>
                <SkillRef>SKILL_DOC_SPEC_PLAS</SkillRef>
            </RequiredSkillsToPrescribe>

            <RequiredDoctorQualificationList>
                <SkillRef>SKILL_DOC_SPEC_PLAS_SURGERY</SkillRef>
                <SkillRef>SKILL_DOC_SPEC_ANESTHESIOLOGY</SkillRef>

                <!-- needs to be last so the anesthesiologist doesn't get selected as assistant-->
                <SkillRef>SKILL_DOC_SPEC_PLAS</SkillRef>
            </RequiredDoctorQualificationList>

            <RequiredDoctorRoles>
                <RoleRef>EMPL_ROLE_SURGERY</RoleRef>
                <RoleRef>EMPL_ROLE_SURGERY_ANESTHESIOLOGY</RoleRef>
                <RoleRef>EMPL_ROLE_SURGERY_ASSIST</RoleRef>
            </RequiredDoctorRoles>
			
			<FallbackDoctorDepartments>
                <DepartmentRef>DPT_DEFAULT</DepartmentRef>
                <DepartmentRef>DPT_ICU</DepartmentRef>
                <DepartmentRef>DPT_DEFAULT</DepartmentRef>
            </FallbackDoctorDepartments>

            <RequiredNurseQualificationList>
                <SkillRef>SKILL_NURSE_SPEC_MEDICAL_SURGERY</SkillRef>
                <SkillRef>SKILL_NURSE_SPEC_MEDICAL_SURGERY</SkillRef>
            </RequiredNurseQualificationList>

            <RequiredNurseRoles>
                <RoleRef>EMPL_ROLE_SURGERY_NURSE</RoleRef>
                <RoleRef>EMPL_ROLE_SURGERY_NURSE</RoleRef>
            </RequiredNurseRoles>

            <RequiredRoomTags>
                <Tag>operating_room</Tag>
            </RequiredRoomTags>

            <BedPositionsStaff>
                <MainSurgeonPosition>BODY_LEFT</MainSurgeonPosition>
                <SurgeonAsistantPosition>BODY_RIGHT</SurgeonAsistantPosition>
                <AnesthesiologistPosition>NONE</AnesthesiologistPosition>
                <SurgeryNursePosition>FEET_LEFT</SurgeryNursePosition>
                <AssistantNursePosition>FEET_RIGHT</AssistantNursePosition>
            </BedPositionsStaff>

            <Complications>
				<Complication>
                    <SymptomRef>SYM_SLP_FAILED_BA</SymptomRef>
                    <ProbabilityPercent>100</ProbabilityPercent>
                    <ProbabilityPercentMaxSkillLevel>100</ProbabilityPercentMaxSkillLevel>
                </Complication>
				<Complication>
                    <SymptomRef>SYM_CRP_MRSA_INFECTION</SymptomRef>
                    <ProbabilityPercent>60</ProbabilityPercent>
                    <ProbabilityPercentMaxSkillLevel>40</ProbabilityPercentMaxSkillLevel>
                </Complication>
                <Complication>
                    <SymptomRef>SYM_PLAS_ABSCESS</SymptomRef>
                    <ProbabilityPercent>6</ProbabilityPercent>
                    <ProbabilityPercentMaxSkillLevel>1</ProbabilityPercentMaxSkillLevel>
                </Complication>
                <Complication>
                    <SymptomRef>SYM_WOUND_INFECTION</SymptomRef>
                    <ProbabilityPercent>14</ProbabilityPercent>
                    <ProbabilityPercentMaxSkillLevel>4</ProbabilityPercentMaxSkillLevel>
                </Complication>
				<Complication>
                    <SymptomRef>SYM_BLEEDING_FROM_THE_WOUND</SymptomRef>
                    <ProbabilityPercent>5</ProbabilityPercent>
                    <ProbabilityPercentMaxSkillLevel>1</ProbabilityPercentMaxSkillLevel>
                </Complication>
				<Complication>
                    <SymptomRef>SYM_CRP_ANAPHYLACTIC_SHOCK</SymptomRef>
                    <ProbabilityPercent>1</ProbabilityPercent>
                    <ProbabilityPercentMaxSkillLevel>1</ProbabilityPercentMaxSkillLevel>
                </Complication>

            </Complications>

            <RequiredEquipmentList>
                <RequiredEquipment>
                    <Tag>operating_table_head</Tag><!--0-->
                </RequiredEquipment>
                <RequiredEquipment>
                    <Tag>operating_table_legs</Tag><!--1-->
                </RequiredEquipment>
                <RequiredEquipment>
                    <Tag>scrubbing_sink</Tag><!--2-->
                </RequiredEquipment>
                <RequiredEquipment>
                    <Tag>scrubbing_sink</Tag><!--3-->
                </RequiredEquipment>
                <RequiredEquipment>
                    <Tag>scrubbing_sink</Tag><!--4-->
                </RequiredEquipment>
                <RequiredEquipment>
                    <Tag>scrubs_shelf</Tag><!--5-->
                </RequiredEquipment>
                <RequiredEquipment>
                    <Tag>scrubs_shelf</Tag><!--6-->
                </RequiredEquipment>
                <RequiredEquipment>
                    <Tag>scrubs_shelf</Tag><!--7-->
                </RequiredEquipment>
                <RequiredEquipment>
                    <Tag>warming_cabinet</Tag><!--8-->
                </RequiredEquipment>
                <RequiredEquipment>
                    <Tag>doc_equipment</Tag><!--9-->
                </RequiredEquipment>
                <RequiredEquipment>
                    <Tag>surgery_instruments</Tag><!--10-->
                </RequiredEquipment>
                <RequiredEquipment>
                    <Tag>electrocautery_machine</Tag><!--11-->
                </RequiredEquipment>
                <RequiredEquipment>
                    <Tag>stool</Tag><!--12-->
                </RequiredEquipment>
                <RequiredEquipment>
                    <Tag>anesthetic_machine</Tag><!--13-->
                </RequiredEquipment>
                <RequiredEquipment>
                    <Tag>defibrillator</Tag><!--14-->
                </RequiredEquipment>
                <RequiredEquipment>
                    <Tag>succion_machine</Tag><!--15-->
                </RequiredEquipment>
            </RequiredEquipmentList>

            <ProcedureScript>ProcedureScriptTreatmentSurgery</ProcedureScript>
            <SpeechBubbleRef>BUBBLE_PLACEHOLDER</SpeechBubbleRef>
            <EquipmentFromAnyDepartment>true</EquipmentFromAnyDepartment>
        </Procedure>
        <TreatmentType>SURGERY</TreatmentType>
        <Cost>100</Cost>
        <IconIndex>1945</IconIndex>
        <HospitalizationTreatmentRef>TRT_HOSPITALIZATION_HIGH_PRIORITY</HospitalizationTreatmentRef>
		
		<CustomIconBigAssetRef>ASSET_PLAS_SUR_ICON_007</CustomIconBigAssetRef>
        <CustomIconSmallAssetRef>ASSET_PLAS_SUR_ICON_008</CustomIconSmallAssetRef>


    </GameDBTreatment>
	
	<!-- Capsulectomy -->
	<GameDBTreatment ID="SUR_SLP_PLAS_CAPSULECTOMY"> <!-- $- -->
        <AbbreviationLocID>SUR_SLP_PLAS_CAPSULECTOMY_DESC</AbbreviationLocID>
        <DiscomfortLevel>Low</DiscomfortLevel><!-- There has to some positive to treating the problem, hence discomfort is low -->
        <Procedure>
            <StaffSelectionRules>DEFAULT_ROOMS</StaffSelectionRules>
            <RequiredSkillsToPrescribe>
                <SkillRef>SKILL_DOC_SPEC_PLAS</SkillRef>
            </RequiredSkillsToPrescribe>

            <RequiredDoctorQualificationList>
                <SkillRef>SKILL_DOC_SPEC_PLAS_SURGERY</SkillRef>
                <SkillRef>SKILL_DOC_SPEC_ANESTHESIOLOGY</SkillRef>

                <!-- needs to be last so the anesthesiologist doesn't get selected as assistant-->
                <SkillRef>SKILL_DOC_SPEC_PLAS</SkillRef>
            </RequiredDoctorQualificationList>

            <RequiredDoctorRoles>
                <RoleRef>EMPL_ROLE_SURGERY</RoleRef>
                <RoleRef>EMPL_ROLE_SURGERY_ANESTHESIOLOGY</RoleRef>
                <RoleRef>EMPL_ROLE_SURGERY_ASSIST</RoleRef>
            </RequiredDoctorRoles>
			
			<FallbackDoctorDepartments>
                <DepartmentRef>DPT_DEFAULT</DepartmentRef>
                <DepartmentRef>DPT_ICU</DepartmentRef>
                <DepartmentRef>DPT_DEFAULT</DepartmentRef>
            </FallbackDoctorDepartments>

            <RequiredNurseQualificationList>
                <SkillRef>SKILL_NURSE_SPEC_MEDICAL_SURGERY</SkillRef>
                <SkillRef>SKILL_NURSE_SPEC_MEDICAL_SURGERY</SkillRef>
            </RequiredNurseQualificationList>

            <RequiredNurseRoles>
                <RoleRef>EMPL_ROLE_SURGERY_NURSE</RoleRef>
                <RoleRef>EMPL_ROLE_SURGERY_NURSE</RoleRef>
            </RequiredNurseRoles>

            <RequiredRoomTags>
                <Tag>operating_room</Tag>
            </RequiredRoomTags>

            <BedPositionsStaff>
                <MainSurgeonPosition>BODY_LEFT</MainSurgeonPosition>
                <SurgeonAsistantPosition>BODY_RIGHT</SurgeonAsistantPosition>
                <AnesthesiologistPosition>NONE</AnesthesiologistPosition>
                <SurgeryNursePosition>FEET_LEFT</SurgeryNursePosition>
                <AssistantNursePosition>FEET_RIGHT</AssistantNursePosition>
            </BedPositionsStaff>

            <Complications>
                <Complication>
                    <SymptomRef>SYM_PLAS_ABSCESS</SymptomRef>
                    <ProbabilityPercent>6</ProbabilityPercent>
                    <ProbabilityPercentMaxSkillLevel>1</ProbabilityPercentMaxSkillLevel>
                </Complication>
                <Complication>
                    <SymptomRef>SYM_WOUND_INFECTION</SymptomRef>
                    <ProbabilityPercent>7</ProbabilityPercent>
                    <ProbabilityPercentMaxSkillLevel>2</ProbabilityPercentMaxSkillLevel>
                </Complication>
				<Complication>
                    <SymptomRef>SYM_BLEEDING_FROM_THE_WOUND</SymptomRef>
                    <ProbabilityPercent>5</ProbabilityPercent>
                    <ProbabilityPercentMaxSkillLevel>1</ProbabilityPercentMaxSkillLevel>
                </Complication>
				<Complication>
                    <SymptomRef>SYM_CRP_ANAPHYLACTIC_SHOCK</SymptomRef>
                    <ProbabilityPercent>1</ProbabilityPercent>
                    <ProbabilityPercentMaxSkillLevel>1</ProbabilityPercentMaxSkillLevel>
                </Complication>
            </Complications>

            <RequiredEquipmentList>
                <RequiredEquipment>
                    <Tag>operating_table_head</Tag><!--0-->
                </RequiredEquipment>
                <RequiredEquipment>
                    <Tag>operating_table_legs</Tag><!--1-->
                </RequiredEquipment>
                <RequiredEquipment>
                    <Tag>scrubbing_sink</Tag><!--2-->
                </RequiredEquipment>
                <RequiredEquipment>
                    <Tag>scrubbing_sink</Tag><!--3-->
                </RequiredEquipment>
                <RequiredEquipment>
                    <Tag>scrubbing_sink</Tag><!--4-->
                </RequiredEquipment>
                <RequiredEquipment>
                    <Tag>scrubs_shelf</Tag><!--5-->
                </RequiredEquipment>
                <RequiredEquipment>
                    <Tag>scrubs_shelf</Tag><!--6-->
                </RequiredEquipment>
                <RequiredEquipment>
                    <Tag>scrubs_shelf</Tag><!--7-->
                </RequiredEquipment>
                <RequiredEquipment>
                    <Tag>warming_cabinet</Tag><!--8-->
                </RequiredEquipment>
                <RequiredEquipment>
                    <Tag>doc_equipment</Tag><!--9-->
                </RequiredEquipment>
                <RequiredEquipment>
                    <Tag>surgery_instruments</Tag><!--10-->
                </RequiredEquipment>
                <RequiredEquipment>
                    <Tag>electrocautery_machine</Tag><!--11-->
                </RequiredEquipment>
                <RequiredEquipment>
                    <Tag>stool</Tag><!--12-->
                </RequiredEquipment>
                <RequiredEquipment>
                    <Tag>anesthetic_machine</Tag><!--13-->
                </RequiredEquipment>
                <RequiredEquipment>
                    <Tag>defibrillator</Tag><!--14-->
                </RequiredEquipment>
                <RequiredEquipment>
                    <Tag>succion_machine</Tag><!--15-->
                </RequiredEquipment>
            </RequiredEquipmentList>

            <ProcedureScript>ProcedureScriptTreatmentSurgery</ProcedureScript>
            <SpeechBubbleRef>BUBBLE_PLACEHOLDER</SpeechBubbleRef>
            <EquipmentFromAnyDepartment>true</EquipmentFromAnyDepartment>
        </Procedure>
        <TreatmentType>SURGERY</TreatmentType>
        <Cost>100</Cost>
        <IconIndex>1945</IconIndex>
        <HospitalizationTreatmentRef>TRT_HOSPITALIZATION_HIGH_PRIORITY</HospitalizationTreatmentRef>
		
    </GameDBTreatment>
	
	<!-- Eye Muscle Surgery  -->
	<GameDBTreatment ID="SUR_SLP_PLAS_EYEMSURGERY">
        <AbbreviationLocID>SUR_SLP_PLAS_EYEMSURGERY_DESC</AbbreviationLocID>
        <DiscomfortLevel>High</DiscomfortLevel>
        <Procedure>
            <StaffSelectionRules>DEFAULT_ROOMS</StaffSelectionRules>

            <RequiredSkillsToPrescribe>
                <SkillRef>SKILL_DOC_SPEC_PLAS</SkillRef>
            </RequiredSkillsToPrescribe>

            <RequiredDoctorQualificationList>
                <SkillRef>SKILL_DOC_SPEC_PLAS_SURGERY</SkillRef>
                <SkillRef>SKILL_DOC_SPEC_ANESTHESIOLOGY</SkillRef>
            </RequiredDoctorQualificationList>

            <RequiredDoctorRoles>
                <RoleRef>EMPL_ROLE_SURGERY</RoleRef>
                <RoleRef>EMPL_ROLE_SURGERY_ANESTHESIOLOGY</RoleRef>
            </RequiredDoctorRoles>

            <FallbackDoctorDepartments>
                <DepartmentRef>DPT_DEFAULT</DepartmentRef>
                <DepartmentRef>DPT_ICU</DepartmentRef>
                <DepartmentRef>DPT_DEFAULT</DepartmentRef>
            </FallbackDoctorDepartments>
            
            <RequiredNurseQualificationList>
                <SkillRef>SKILL_NURSE_SPEC_MEDICAL_SURGERY</SkillRef>
                <SkillRef>SKILL_NURSE_SPEC_MEDICAL_SURGERY</SkillRef>
            </RequiredNurseQualificationList>

            <RequiredNurseRoles>
                <RoleRef>EMPL_ROLE_SURGERY_NURSE</RoleRef>
                <RoleRef>EMPL_ROLE_SURGERY_NURSE</RoleRef>
            </RequiredNurseRoles>

            <BedPositionsStaff>
                <MainSurgeonPosition>HEAD_LEFT</MainSurgeonPosition>
                <SurgeonAsistantPosition>NONE</SurgeonAsistantPosition>
                <AnesthesiologistPosition>NONE</AnesthesiologistPosition>
                <SurgeryNursePosition>FEET_LEFT_UP</SurgeryNursePosition>
                <AssistantNursePosition>FEET_RIGHT_UP</AssistantNursePosition>
            </BedPositionsStaff>
			
			<Complications>
                <Complication>
                    <SymptomRef>SYM_PLAS_ABSCESS</SymptomRef>
                    <ProbabilityPercent>6</ProbabilityPercent>
                    <ProbabilityPercentMaxSkillLevel>1</ProbabilityPercentMaxSkillLevel>
                </Complication>
                <Complication>
                    <SymptomRef>SYM_WOUND_INFECTION</SymptomRef>
                    <ProbabilityPercent>8</ProbabilityPercent>
                    <ProbabilityPercentMaxSkillLevel>2</ProbabilityPercentMaxSkillLevel>
                </Complication>
				<Complication>
                    <SymptomRef>SYM_BLEEDING_FROM_THE_WOUND</SymptomRef>
                    <ProbabilityPercent>6</ProbabilityPercent>
                    <ProbabilityPercentMaxSkillLevel>2</ProbabilityPercentMaxSkillLevel>
                </Complication>
				<Complication>
                    <SymptomRef>SYM_CRP_ANAPHYLACTIC_SHOCK</SymptomRef>
                    <ProbabilityPercent>1</ProbabilityPercent>
                    <ProbabilityPercentMaxSkillLevel>1</ProbabilityPercentMaxSkillLevel>
                </Complication>
				<Complication>
                    <SymptomRef>SYM_CRP_MILD_AR</SymptomRef>
                    <ProbabilityPercent>5</ProbabilityPercent>
                    <ProbabilityPercentMaxSkillLevel>2</ProbabilityPercentMaxSkillLevel>
                </Complication>
				<Complication>
                    <SymptomRef>SYM_CRP_POSTOP_PAIN</SymptomRef>
                    <ProbabilityPercent>15</ProbabilityPercent>
                    <ProbabilityPercentMaxSkillLevel>4</ProbabilityPercentMaxSkillLevel>
                </Complication>
				 <Complication>
                    <SymptomRef>SYM_SLP_EYE_GLOBE_PERFORATION_V2</SymptomRef>
                    <ProbabilityPercent>2</ProbabilityPercent>
                    <ProbabilityPercentMaxSkillLevel>1</ProbabilityPercentMaxSkillLevel>
                </Complication>
				<Complication>
                    <SymptomRef>SYM_SLP_EYE_UNDESIRED_RESULTS_V2</SymptomRef> <!-- Actually a lot more common in some studies but I've taken the lowest average this to make it less annoying -->
                    <ProbabilityPercent>33</ProbabilityPercent>
                    <ProbabilityPercentMaxSkillLevel>10</ProbabilityPercentMaxSkillLevel>
                </Complication>
				<Complication>
                    <SymptomRef>SYM_CRP_EYE_DIPLOPIA</SymptomRef>
                    <ProbabilityPercent>12</ProbabilityPercent>
                    <ProbabilityPercentMaxSkillLevel>4</ProbabilityPercentMaxSkillLevel>
                </Complication>
				 <Complication>
                    <SymptomRef>SYM_SLP_EYE_CIC_V2</SymptomRef>
                    <ProbabilityPercent>6</ProbabilityPercent>
                    <ProbabilityPercentMaxSkillLevel>2</ProbabilityPercentMaxSkillLevel>
                </Complication>
				<Complication>
                    <SymptomRef>SYM_CRP_EYE_CONJU_SCAR</SymptomRef>
                    <ProbabilityPercent>15</ProbabilityPercent>
                    <ProbabilityPercentMaxSkillLevel>2</ProbabilityPercentMaxSkillLevel>
                </Complication>
				<Complication>
                    <SymptomRef>SYM_SLP_EYE_SLIPPED_MUSCLE_V2</SymptomRef> <!-- 12 -->
                    <ProbabilityPercent>11</ProbabilityPercent>
                    <ProbabilityPercentMaxSkillLevel>2</ProbabilityPercentMaxSkillLevel>
                </Complication>
            </Complications>

            <RequiredRoomTags>
                <Tag>operating_room</Tag>
            </RequiredRoomTags>

            <RequiredEquipmentList>
                <RequiredEquipment>
                    <Tag>operating_table_head</Tag><!--0-->
                </RequiredEquipment>
                <RequiredEquipment>
                    <Tag>operating_table_legs</Tag><!--1-->
                </RequiredEquipment>
                <RequiredEquipment>
                    <Tag>scrubbing_sink</Tag><!--2-->
                </RequiredEquipment>
                <RequiredEquipment>
                    <Tag>scrubbing_sink</Tag><!--3-->
                </RequiredEquipment>
                <RequiredEquipment>
                    <Tag>scrubs_shelf</Tag><!--4-->
                </RequiredEquipment>
                <RequiredEquipment>
                    <Tag>scrubs_shelf</Tag><!--5-->
                </RequiredEquipment>
                <RequiredEquipment>
                    <Tag>warming_cabinet</Tag><!--6-->
                </RequiredEquipment>
                <RequiredEquipment>
                    <Tag>doc_equipment</Tag><!--7-->
                </RequiredEquipment>
                <RequiredEquipment>
                    <Tag>surgery_instruments</Tag><!--8-->
                </RequiredEquipment>
                <RequiredEquipment>
                    <Tag>stool</Tag><!--9-->
                </RequiredEquipment>
                <RequiredEquipment>
                    <Tag>anesthetic_machine</Tag><!--10-->
                </RequiredEquipment>
                <RequiredEquipment>
                    <Tag>defibrillator</Tag><!--11-->
                </RequiredEquipment>
                <RequiredEquipment>
                    <Tag>angio_viewer</Tag><!--12-->
                </RequiredEquipment>
            </RequiredEquipmentList>

            <ProcedureScript>ProcedureScriptTreatmentSurgeryLigiCauterization</ProcedureScript>
            <SpeechBubbleRef>BUBBLE_PLACEHOLDER</SpeechBubbleRef>
            <EquipmentFromAnyDepartment>true</EquipmentFromAnyDepartment>
        </Procedure>
        <TreatmentType>SURGERY</TreatmentType>
        <Cost>100</Cost>
        <IconIndex>2001</IconIndex>
		
		<CustomIconBigAssetRef>ASSET_PLAS_SUR_ICON_011</CustomIconBigAssetRef>
        <CustomIconSmallAssetRef>ASSET_PLAS_SUR_ICON_012</CustomIconSmallAssetRef>
		
        <HospitalizationTreatmentRef>TRT_HOSPITALIZATION_HIGH_PRIORITY</HospitalizationTreatmentRef>

    </GameDBTreatment>
	
	<!-- Emergency Surgery -->
	<GameDBTreatment ID="SUR_SLP_PLAS_EMERG_REPAIR">
        <AbbreviationLocID>SUR_SLP_PLAS_EMERG_REPAIR_DESC</AbbreviationLocID>
        <DiscomfortLevel>High</DiscomfortLevel>
        <Procedure>
            <StaffSelectionRules>DEFAULT_ROOMS</StaffSelectionRules>

            <RequiredSkillsToPrescribe>
                <SkillRef>SKILL_DOC_SPEC_PLAS</SkillRef>
            </RequiredSkillsToPrescribe>

            <RequiredDoctorQualificationList>
                <SkillRef>SKILL_DOC_SPEC_PLAS_SURGERY</SkillRef>
                <SkillRef>SKILL_DOC_SPEC_ANESTHESIOLOGY</SkillRef>
            </RequiredDoctorQualificationList>

            <RequiredDoctorRoles>
                <RoleRef>EMPL_ROLE_SURGERY</RoleRef>
                <RoleRef>EMPL_ROLE_SURGERY_ANESTHESIOLOGY</RoleRef>
            </RequiredDoctorRoles>

            <FallbackDoctorDepartments>
                <DepartmentRef>DPT_DEFAULT</DepartmentRef>
                <DepartmentRef>DPT_ICU</DepartmentRef>
                <DepartmentRef>DPT_DEFAULT</DepartmentRef>
            </FallbackDoctorDepartments>
            
            <RequiredNurseQualificationList>
                <SkillRef>SKILL_NURSE_SPEC_MEDICAL_SURGERY</SkillRef>
                <SkillRef>SKILL_NURSE_SPEC_MEDICAL_SURGERY</SkillRef>
            </RequiredNurseQualificationList>

            <RequiredNurseRoles>
                <RoleRef>EMPL_ROLE_SURGERY_NURSE</RoleRef>
                <RoleRef>EMPL_ROLE_SURGERY_NURSE</RoleRef>
            </RequiredNurseRoles>

            <BedPositionsStaff>
                <MainSurgeonPosition>HEAD_LEFT</MainSurgeonPosition>
                <SurgeonAsistantPosition>NONE</SurgeonAsistantPosition>
                <AnesthesiologistPosition>NONE</AnesthesiologistPosition>
                <SurgeryNursePosition>FEET_LEFT_UP</SurgeryNursePosition>
                <AssistantNursePosition>FEET_RIGHT_UP</AssistantNursePosition>
            </BedPositionsStaff>
			
			<Complications>
                <Complication>
                    <SymptomRef>SYM_PLAS_ABSCESS</SymptomRef>
                    <ProbabilityPercent>6</ProbabilityPercent>
                    <ProbabilityPercentMaxSkillLevel>1</ProbabilityPercentMaxSkillLevel>
                </Complication>
                <Complication>
                    <SymptomRef>SYM_WOUND_INFECTION</SymptomRef>
                    <ProbabilityPercent>7</ProbabilityPercent>
                    <ProbabilityPercentMaxSkillLevel>2</ProbabilityPercentMaxSkillLevel>
                </Complication>
				<Complication>
                    <SymptomRef>SYM_BLEEDING_FROM_THE_WOUND</SymptomRef>
                    <ProbabilityPercent>5</ProbabilityPercent>
                    <ProbabilityPercentMaxSkillLevel>1</ProbabilityPercentMaxSkillLevel>
                </Complication>
				<Complication>
                    <SymptomRef>SYM_CRP_ANAPHYLACTIC_SHOCK</SymptomRef>
                    <ProbabilityPercent>1</ProbabilityPercent>
                    <ProbabilityPercentMaxSkillLevel>1</ProbabilityPercentMaxSkillLevel>
                </Complication>
            </Complications>

            <RequiredRoomTags>
                <Tag>operating_room</Tag>
            </RequiredRoomTags>

            <RequiredEquipmentList>
                <RequiredEquipment>
                    <Tag>operating_table_head</Tag><!--0-->
                </RequiredEquipment>
                <RequiredEquipment>
                    <Tag>operating_table_legs</Tag><!--1-->
                </RequiredEquipment>
                <RequiredEquipment>
                    <Tag>scrubbing_sink</Tag><!--2-->
                </RequiredEquipment>
                <RequiredEquipment>
                    <Tag>scrubbing_sink</Tag><!--3-->
                </RequiredEquipment>
                <RequiredEquipment>
                    <Tag>scrubs_shelf</Tag><!--4-->
                </RequiredEquipment>
                <RequiredEquipment>
                    <Tag>scrubs_shelf</Tag><!--5-->
                </RequiredEquipment>
                <RequiredEquipment>
                    <Tag>warming_cabinet</Tag><!--6-->
                </RequiredEquipment>
                <RequiredEquipment>
                    <Tag>doc_equipment</Tag><!--7-->
                </RequiredEquipment>
                <RequiredEquipment>
                    <Tag>surgery_instruments</Tag><!--8-->
                </RequiredEquipment>
                <RequiredEquipment>
                    <Tag>stool</Tag><!--9-->
                </RequiredEquipment>
                <RequiredEquipment>
                    <Tag>anesthetic_machine</Tag><!--10-->
                </RequiredEquipment>
                <RequiredEquipment>
                    <Tag>defibrillator</Tag><!--11-->
                </RequiredEquipment>
                <RequiredEquipment>
                    <Tag>angio_viewer</Tag><!--12-->
                </RequiredEquipment>
            </RequiredEquipmentList>

            <ProcedureScript>ProcedureScriptTreatmentSurgeryLigiCauterization</ProcedureScript>
            <SpeechBubbleRef>BUBBLE_PLACEHOLDER</SpeechBubbleRef>
            <EquipmentFromAnyDepartment>true</EquipmentFromAnyDepartment>
        </Procedure>
        <TreatmentType>SURGERY</TreatmentType>
        <Cost>100</Cost>
        <IconIndex>2001</IconIndex>
		
		<CustomIconBigAssetRef>ASSET_PLAS_SUR_ICON_013</CustomIconBigAssetRef>
        <CustomIconSmallAssetRef>ASSET_PLAS_SUR_ICON_014</CustomIconSmallAssetRef>
		
        <HospitalizationTreatmentRef>TRT_HOSPITALIZATION_HIGH_PRIORITY</HospitalizationTreatmentRef>
    </GameDBTreatment>
	
	<!-- Replantation -->
	<GameDBTreatment ID="SUR_SLP_PLAS_REPLANT">
        <AbbreviationLocID>SUR_SLP_PLAS_REPLANT_DESC</AbbreviationLocID>
        <DiscomfortLevel>High</DiscomfortLevel>
        <Procedure>
            <StaffSelectionRules>DEFAULT_ROOMS</StaffSelectionRules>

            <RequiredSkillsToPrescribe>
                <SkillRef>SKILL_DOC_SPEC_PLAS</SkillRef>
            </RequiredSkillsToPrescribe>

            <RequiredDoctorQualificationList>
                <SkillRef>SKILL_DOC_SPEC_PLAS_SURGERY</SkillRef>
                <SkillRef>SKILL_DOC_SPEC_ANESTHESIOLOGY</SkillRef>
				<!-- needs to be last so the anesthesiologist doesn't get selected as assistant-->
                <SkillRef>SKILL_DOC_SPEC_PLAS</SkillRef>
            </RequiredDoctorQualificationList>

            <RequiredDoctorRoles>
                <RoleRef>EMPL_ROLE_SURGERY</RoleRef>
                <RoleRef>EMPL_ROLE_SURGERY_ANESTHESIOLOGY</RoleRef>
                <RoleRef>EMPL_ROLE_SURGERY_ASSIST</RoleRef>
            </RequiredDoctorRoles>

            <FallbackDoctorDepartments>
                <DepartmentRef>DPT_DEFAULT</DepartmentRef>
                <DepartmentRef>DPT_ICU</DepartmentRef>
                <DepartmentRef>DPT_DEFAULT</DepartmentRef>
            </FallbackDoctorDepartments>
            
            <RequiredNurseQualificationList>
                <SkillRef>SKILL_NURSE_SPEC_MEDICAL_SURGERY</SkillRef>
                <SkillRef>SKILL_NURSE_SPEC_MEDICAL_SURGERY</SkillRef>
            </RequiredNurseQualificationList>

            <RequiredNurseRoles>
                <RoleRef>EMPL_ROLE_SURGERY_NURSE</RoleRef>
                <RoleRef>EMPL_ROLE_SURGERY_NURSE</RoleRef>
            </RequiredNurseRoles>

            <BedPositionsStaff>
                <MainSurgeonPosition>BODY_LEFT</MainSurgeonPosition>
                <SurgeonAsistantPosition>BODY_RIGHT</SurgeonAsistantPosition>
                <AnesthesiologistPosition>NONE</AnesthesiologistPosition>
                <SurgeryNursePosition>FEET_LEFT</SurgeryNursePosition>
                <AssistantNursePosition>FEET_RIGHT</AssistantNursePosition>
            </BedPositionsStaff>
			
			<Complications>
                <Complication>
                    <SymptomRef>SYM_PLAS_ABSCESS</SymptomRef>
                    <ProbabilityPercent>6</ProbabilityPercent>
                    <ProbabilityPercentMaxSkillLevel>1</ProbabilityPercentMaxSkillLevel>
                </Complication>
                <Complication>
                    <SymptomRef>SYM_WOUND_INFECTION</SymptomRef>
                    <ProbabilityPercent>7</ProbabilityPercent>
                    <ProbabilityPercentMaxSkillLevel>2</ProbabilityPercentMaxSkillLevel>
                </Complication>
				<Complication>
                    <SymptomRef>SYM_BLEEDING_FROM_THE_WOUND</SymptomRef>
                    <ProbabilityPercent>5</ProbabilityPercent>
                    <ProbabilityPercentMaxSkillLevel>1</ProbabilityPercentMaxSkillLevel>
                </Complication>
				<Complication>
                    <SymptomRef>SYM_CRP_ANAPHYLACTIC_SHOCK</SymptomRef>
                    <ProbabilityPercent>1</ProbabilityPercent>
                    <ProbabilityPercentMaxSkillLevel>1</ProbabilityPercentMaxSkillLevel>
                </Complication>
				<Complication>
                    <SymptomRef>SYM_SLP_PLAS_NERVE_DAMAGE_V2</SymptomRef>
                    <ProbabilityPercent>5</ProbabilityPercent>
                    <ProbabilityPercentMaxSkillLevel>1</ProbabilityPercentMaxSkillLevel>
                </Complication>
				<Complication>
                    <SymptomRef>SYM_CRP_POSTOP_PAIN</SymptomRef>
                    <ProbabilityPercent>15</ProbabilityPercent>
                    <ProbabilityPercentMaxSkillLevel>5</ProbabilityPercentMaxSkillLevel>
                </Complication>
            </Complications>

            <RequiredRoomTags>
                <Tag>operating_room</Tag>
            </RequiredRoomTags>

            <RequiredEquipmentList>
                <RequiredEquipment>
                    <Tag>operating_table_head</Tag><!--0-->
                </RequiredEquipment>
                <RequiredEquipment>
                    <Tag>operating_table_legs</Tag><!--1-->
                </RequiredEquipment>
                <RequiredEquipment>
                    <Tag>scrubbing_sink</Tag><!--2-->
                </RequiredEquipment>
                <RequiredEquipment>
                    <Tag>scrubbing_sink</Tag><!--3-->
                </RequiredEquipment>
                <RequiredEquipment>
                    <Tag>scrubs_shelf</Tag><!--4-->
                </RequiredEquipment>
                <RequiredEquipment>
                    <Tag>scrubs_shelf</Tag><!--5-->
                </RequiredEquipment>
                <RequiredEquipment>
                    <Tag>warming_cabinet</Tag><!--6-->
                </RequiredEquipment>
                <RequiredEquipment>
                    <Tag>doc_equipment</Tag><!--7-->
                </RequiredEquipment>
                <RequiredEquipment>
                    <Tag>surgery_instruments</Tag><!--8-->
                </RequiredEquipment>
                <RequiredEquipment>
                    <Tag>stool</Tag><!--9-->
                </RequiredEquipment>
                <RequiredEquipment>
                    <Tag>anesthetic_machine</Tag><!--10-->
                </RequiredEquipment>
                <RequiredEquipment>
                    <Tag>defibrillator</Tag><!--11-->
                </RequiredEquipment>
                <RequiredEquipment>
                    <Tag>angio_viewer</Tag><!--12-->
                </RequiredEquipment>
            </RequiredEquipmentList>

            <ProcedureScript>ProcedureScriptTreatmentSurgeryLigiCauterization</ProcedureScript>
            <SpeechBubbleRef>BUBBLE_PLACEHOLDER</SpeechBubbleRef>
            <EquipmentFromAnyDepartment>true</EquipmentFromAnyDepartment>
        </Procedure>
        <TreatmentType>SURGERY</TreatmentType>
        <Cost>100</Cost>
        <IconIndex>2001</IconIndex>
		
		<CustomIconBigAssetRef>ASSET_PLAS_SUR_ICON_017</CustomIconBigAssetRef>
        <CustomIconSmallAssetRef>ASSET_PLAS_SUR_ICON_018</CustomIconSmallAssetRef>
		
        <HospitalizationTreatmentRef>TRT_HOSPITALIZATION_HIGH_PRIORITY</HospitalizationTreatmentRef>
    </GameDBTreatment>
	
	<!-- ================================================== -->
	<!-- ============= Plastic Surgery v1.0.6 ============= -->
	<!-- ================================================== -->
	
	<!-- Enucleation -->
	<GameDBTreatment ID="SUR_SLP_PLAS_ENUCLEATION">
        <AbbreviationLocID>SUR_SLP_PLAS_ENUCLEATION_DESC</AbbreviationLocID>
        <DiscomfortLevel>High</DiscomfortLevel>
        <Procedure>
            <StaffSelectionRules>DEFAULT_ROOMS</StaffSelectionRules>

            <RequiredSkillsToPrescribe>
                <SkillRef>SKILL_DOC_SPEC_PLAS</SkillRef>
            </RequiredSkillsToPrescribe>

            <RequiredDoctorQualificationList>
                <SkillRef>SKILL_DOC_SPEC_PLAS_SURGERY</SkillRef>
                <SkillRef>SKILL_DOC_SPEC_ANESTHESIOLOGY</SkillRef>
            </RequiredDoctorQualificationList>

            <RequiredDoctorRoles>
                <RoleRef>EMPL_ROLE_SURGERY</RoleRef>
                <RoleRef>EMPL_ROLE_SURGERY_ANESTHESIOLOGY</RoleRef>
            </RequiredDoctorRoles>

            <FallbackDoctorDepartments>
                <DepartmentRef>DPT_DEFAULT</DepartmentRef>
                <DepartmentRef>DPT_ICU</DepartmentRef>
                <DepartmentRef>DPT_DEFAULT</DepartmentRef>
            </FallbackDoctorDepartments>
            
            <RequiredNurseQualificationList>
                <SkillRef>SKILL_NURSE_SPEC_MEDICAL_SURGERY</SkillRef>
                <SkillRef>SKILL_NURSE_SPEC_MEDICAL_SURGERY</SkillRef>
            </RequiredNurseQualificationList>

            <RequiredNurseRoles>
                <RoleRef>EMPL_ROLE_SURGERY_NURSE</RoleRef>
                <RoleRef>EMPL_ROLE_SURGERY_NURSE</RoleRef>
            </RequiredNurseRoles>

            <BedPositionsStaff>
                <MainSurgeonPosition>HEAD_LEFT</MainSurgeonPosition>
                <SurgeonAsistantPosition>NONE</SurgeonAsistantPosition>
                <AnesthesiologistPosition>NONE</AnesthesiologistPosition>
                <SurgeryNursePosition>FEET_LEFT</SurgeryNursePosition>
                <AssistantNursePosition>FEET_RIGHT</AssistantNursePosition>
            </BedPositionsStaff>
			
			<Complications>
                <Complication>
                    <SymptomRef>SYM_PLAS_ABSCESS</SymptomRef>
                    <ProbabilityPercent>6</ProbabilityPercent>
                    <ProbabilityPercentMaxSkillLevel>1</ProbabilityPercentMaxSkillLevel>
                </Complication>
                <Complication>
                    <SymptomRef>SYM_WOUND_INFECTION</SymptomRef>
                    <ProbabilityPercent>8</ProbabilityPercent>
                    <ProbabilityPercentMaxSkillLevel>2</ProbabilityPercentMaxSkillLevel>
                </Complication>
				<Complication>
                    <SymptomRef>SYM_BLEEDING_FROM_THE_WOUND</SymptomRef>
                    <ProbabilityPercent>6</ProbabilityPercent>
                    <ProbabilityPercentMaxSkillLevel>2</ProbabilityPercentMaxSkillLevel>
                </Complication>
				<Complication>
                    <SymptomRef>SYM_CRP_ANAPHYLACTIC_SHOCK</SymptomRef>
                    <ProbabilityPercent>1</ProbabilityPercent>
                    <ProbabilityPercentMaxSkillLevel>1</ProbabilityPercentMaxSkillLevel>
                </Complication>
				<Complication>
                    <SymptomRef>SYM_CRP_MILD_AR</SymptomRef>
                    <ProbabilityPercent>5</ProbabilityPercent>
                    <ProbabilityPercentMaxSkillLevel>2</ProbabilityPercentMaxSkillLevel>
                </Complication>
				<Complication>
                    <SymptomRef>SYM_CRP_POSTOP_PAIN</SymptomRef>
                    <ProbabilityPercent>15</ProbabilityPercent>
                    <ProbabilityPercentMaxSkillLevel>4</ProbabilityPercentMaxSkillLevel>
                </Complication>
				<Complication>
                    <SymptomRef>SYM_HEADACHE</SymptomRef>
                    <ProbabilityPercent>50</ProbabilityPercent>
                    <ProbabilityPercentMaxSkillLevel>15</ProbabilityPercentMaxSkillLevel>
                </Complication>
				<Complication>
                    <SymptomRef>SYM_CRP_BLEPHAROPTOSIS</SymptomRef>
                    <ProbabilityPercent>25</ProbabilityPercent>
                    <ProbabilityPercentMaxSkillLevel>3</ProbabilityPercentMaxSkillLevel>
                </Complication>
            </Complications>

            <RequiredRoomTags>
                <Tag>operating_room</Tag>
            </RequiredRoomTags>

            <RequiredEquipmentList>
                <RequiredEquipment>
                    <Tag>operating_table_head</Tag><!--0-->
                </RequiredEquipment>
                <RequiredEquipment>
                    <Tag>operating_table_legs</Tag><!--1-->
                </RequiredEquipment>
                <RequiredEquipment>
                    <Tag>scrubbing_sink</Tag><!--2-->
                </RequiredEquipment>
                <RequiredEquipment>
                    <Tag>scrubbing_sink</Tag><!--3-->
                </RequiredEquipment>
                <RequiredEquipment>
                    <Tag>scrubs_shelf</Tag><!--4-->
                </RequiredEquipment>
                <RequiredEquipment>
                    <Tag>scrubs_shelf</Tag><!--5-->
                </RequiredEquipment>
                <RequiredEquipment>
                    <Tag>warming_cabinet</Tag><!--6-->
                </RequiredEquipment>
                <RequiredEquipment>
                    <Tag>doc_equipment</Tag><!--7-->
                </RequiredEquipment>
                <RequiredEquipment>
                    <Tag>surgery_instruments</Tag><!--8-->
                </RequiredEquipment>
                <RequiredEquipment>
                    <Tag>stool</Tag><!--9-->
                </RequiredEquipment>
                <RequiredEquipment>
                    <Tag>anesthetic_machine</Tag><!--10-->
                </RequiredEquipment>
                <RequiredEquipment>
                    <Tag>defibrillator</Tag><!--11-->
                </RequiredEquipment>
                <RequiredEquipment>
                    <Tag>angio_viewer</Tag><!--12-->
                </RequiredEquipment>
            </RequiredEquipmentList>

            <ProcedureScript>ProcedureScriptTreatmentSurgeryLigiCauterization</ProcedureScript>
            <SpeechBubbleRef>BUBBLE_PLACEHOLDER</SpeechBubbleRef>
            <EquipmentFromAnyDepartment>true</EquipmentFromAnyDepartment>
        </Procedure>
        <TreatmentType>SURGERY</TreatmentType>
        <Cost>100</Cost>
        <IconIndex>2001</IconIndex>
		
		<CustomIconBigAssetRef>ASSET_PLAS_SUR_ICON_019</CustomIconBigAssetRef>
        <CustomIconSmallAssetRef>ASSET_PLAS_SUR_ICON_020</CustomIconSmallAssetRef>
		
        <HospitalizationTreatmentRef>TRT_HOSPITALIZATION_HIGH_PRIORITY</HospitalizationTreatmentRef>

    </GameDBTreatment>
	
</Database>
  