<Database>
	<!-- Plastic Surgery Mod by Sleepy068 -->
	<!-- Patient Request (Breast Augmentation) -->
	<GameDBSymptom ID="SYM_PLAS_C001_V2">
        <DescriptionLocID>SYM_PLAS_C001_DESC</DescriptionLocID>
        <DiscomfortLevel>None</DiscomfortLevel>
        <PatientComplains>true</PatientComplains>
        <Hazard>Low</Hazard>
        <PatientMobility>MOBILE</PatientMobility>
		
        <Examinations>
            <ExaminationRef>EXM_INTERVIEW</ExaminationRef>
        </Examinations>
        <Treatments>
            <TreatmentRef>SUR_SLP_AUGMENTATION_MAMMOPLASTY</TreatmentRef>
        </Treatments>
		
        <ShameLevel>0</ShameLevel>
        <IsMainSymptom>true</IsMainSymptom>
		
        <IconIndex>1</IconIndex>
		
		<CustomIconBigAssetRef>ASSET_PLAS_DIA_ICON_001</CustomIconBigAssetRef>
		<CustomIconSmallAssetRef>ASSET_PLAS_DIA_ICON_002</CustomIconSmallAssetRef>
		
    </GameDBSymptom>
	
	<!-- Patient Request (Liposuction) -->
	<GameDBSymptom ID="SYM_PLAS_C002_V2">
        <DescriptionLocID>SYM_PLAS_C002_DESC</DescriptionLocID>
        <DiscomfortLevel>None</DiscomfortLevel>
        <PatientComplains>true</PatientComplains>
        <Hazard>Low</Hazard>
        <PatientMobility>MOBILE</PatientMobility>
		
        <Examinations>
            <ExaminationRef>EXM_INTERVIEW</ExaminationRef>
        </Examinations>
        <Treatments>
            <TreatmentRef>SUR_SLP_SAL</TreatmentRef>
        </Treatments>
		
        <ShameLevel>0</ShameLevel>
        <IsMainSymptom>true</IsMainSymptom>
		
        <IconIndex>1</IconIndex>
		
		<CustomIconBigAssetRef>ASSET_PLAS_DIA_ICON_005</CustomIconBigAssetRef>
		<CustomIconSmallAssetRef>ASSET_PLAS_DIA_ICON_006</CustomIconSmallAssetRef>
		
    </GameDBSymptom>
	
	<!-- Patient Request (Augmentation Rhinoplasty) -->
	<GameDBSymptom ID="SYM_PLAS_C003_V2">
        <DescriptionLocID>SYM_PLAS_C003_DESC</DescriptionLocID>
        <DiscomfortLevel>None</DiscomfortLevel>
        <PatientComplains>true</PatientComplains>
        <Hazard>Low</Hazard>
        <PatientMobility>MOBILE</PatientMobility>
		
        <Examinations>
            <ExaminationRef>EXM_INTERVIEW</ExaminationRef>
        </Examinations>
        <Treatments>
            <TreatmentRef>SUR_SLP_RHINOPLASTY</TreatmentRef>
        </Treatments>
		
        <ShameLevel>0</ShameLevel>
        <IsMainSymptom>true</IsMainSymptom>
		
        <IconIndex>1</IconIndex>
		
		<CustomIconBigAssetRef>ASSET_PLAS_DIA_ICON_007</CustomIconBigAssetRef>
		<CustomIconSmallAssetRef>ASSET_PLAS_DIA_ICON_008</CustomIconSmallAssetRef>
		
    </GameDBSymptom>
	
	<!-- Patient Request (Hair Transplant) -->
	<GameDBSymptom ID="SYM_PLAS_C004_V2">
        <DescriptionLocID>SYM_PLAS_C004_DESC</DescriptionLocID>
        <DiscomfortLevel>None</DiscomfortLevel>
        <PatientComplains>true</PatientComplains>
        <Hazard>Low</Hazard>
        <PatientMobility>MOBILE</PatientMobility>
		
        <Examinations>
            <ExaminationRef>EXM_INTERVIEW</ExaminationRef>
        </Examinations>
        <Treatments>
            <TreatmentRef>SUR_SLP_HAIRT</TreatmentRef>
        </Treatments>
		
        <ShameLevel>0</ShameLevel>
        <IsMainSymptom>true</IsMainSymptom>
		
        <IconIndex>1</IconIndex>
		
		<CustomIconBigAssetRef>ASSET_PLAS_DIA_ICON_013</CustomIconBigAssetRef>
		<CustomIconSmallAssetRef>ASSET_PLAS_DIA_ICON_014</CustomIconSmallAssetRef>
		
    </GameDBSymptom>
	
	<!-- Patient Request (Chemical Peel) -->
	<GameDBSymptom ID="SYM_PLAS_C005">
        <DescriptionLocID>SYM_PLAS_C005_DESC</DescriptionLocID>
        <DiscomfortLevel>None</DiscomfortLevel>
        <PatientComplains>true</PatientComplains>
        <Hazard>Low</Hazard>
        <PatientMobility>MOBILE</PatientMobility>
		
        <Examinations>
            <ExaminationRef>EXM_INTERVIEW</ExaminationRef>
        </Examinations>
        <Treatments>
            <TreatmentRef>TRT_CRP_CHEMPEEL_L</TreatmentRef>
        </Treatments>
		
        <ShameLevel>0</ShameLevel>
        <IsMainSymptom>true</IsMainSymptom>
		
        <IconIndex>1</IconIndex>
		
		<CustomIconBigAssetRef>ASSET_PLAS_DIA_ICON_015</CustomIconBigAssetRef>
		<CustomIconSmallAssetRef>ASSET_PLAS_DIA_ICON_016</CustomIconSmallAssetRef>
		
    </GameDBSymptom>
	
	<!-- Patient Request (Spider Veins) -->
	<GameDBSymptom ID="SYM_PLAS_C006">
        <DescriptionLocID>SYM_PLAS_C006_DESC</DescriptionLocID>
        <DiscomfortLevel>None</DiscomfortLevel>
        <PatientComplains>true</PatientComplains>
        <Hazard>Low</Hazard>
        <PatientMobility>MOBILE</PatientMobility>
		
        <Examinations>
            <ExaminationRef>EXM_INTERVIEW</ExaminationRef>
        </Examinations>
        <Treatments>
            <TreatmentRef>TRT_CRP_SKIN_LT</TreatmentRef>
        </Treatments>
		
        <ShameLevel>0</ShameLevel>
        <IsMainSymptom>true</IsMainSymptom>
		
        <IconIndex>1</IconIndex>
		
		<CustomIconBigAssetRef>ASSET_PLAS_DIA_ICON_019</CustomIconBigAssetRef>
		<CustomIconSmallAssetRef>ASSET_PLAS_DIA_ICON_020</CustomIconSmallAssetRef>
		
    </GameDBSymptom>
	
	<!-- Patient Request (Skin Conditioning - Botox) -->
	<GameDBSymptom ID="SYM_PLAS_C007">
        <DescriptionLocID>SYM_PLAS_C007_DESC</DescriptionLocID>
        <DiscomfortLevel>None</DiscomfortLevel>
        <PatientComplains>true</PatientComplains>
        <Hazard>Low</Hazard>
        <PatientMobility>MOBILE</PatientMobility>
		
        <Examinations>
            <ExaminationRef>EXM_INTERVIEW</ExaminationRef>
        </Examinations>
        <Treatments>
            <TreatmentRef>TRT_CRP_BOTOX</TreatmentRef>
        </Treatments>
		
        <ShameLevel>0</ShameLevel>
        <IsMainSymptom>true</IsMainSymptom>
		
        <IconIndex>1</IconIndex>
		
		<CustomIconBigAssetRef>ASSET_PLAS_DIA_ICON_029</CustomIconBigAssetRef>
		<CustomIconSmallAssetRef>ASSET_PLAS_DIA_ICON_030</CustomIconSmallAssetRef>
		
    </GameDBSymptom>
	
	<!-- Patient Request (Skin Conditioning - Dermal Filler) -->
	<GameDBSymptom ID="SYM_PLAS_C008">
        <DescriptionLocID>SYM_PLAS_C008_DESC</DescriptionLocID>
        <DiscomfortLevel>None</DiscomfortLevel>
        <PatientComplains>true</PatientComplains>
        <Hazard>Low</Hazard>
        <PatientMobility>MOBILE</PatientMobility>
		
        <Examinations>
            <ExaminationRef>EXM_INTERVIEW</ExaminationRef>
        </Examinations>
        <Treatments>
            <TreatmentRef>TRT_CRP_HYAACID_FILL</TreatmentRef>
        </Treatments>
		
        <ShameLevel>0</ShameLevel>
        <IsMainSymptom>true</IsMainSymptom>
		
        <IconIndex>1</IconIndex>
		
		<CustomIconBigAssetRef>ASSET_PLAS_DIA_ICON_031</CustomIconBigAssetRef>
		<CustomIconSmallAssetRef>ASSET_PLAS_DIA_ICON_032</CustomIconSmallAssetRef>
		
    </GameDBSymptom>
	
	<!-- Patient Request (Skin Rejuvenation - Laser Resurfacing) -->
	<GameDBSymptom ID="SYM_PLAS_C009">
        <DescriptionLocID>SYM_PLAS_C009_DESC</DescriptionLocID>
        <DiscomfortLevel>None</DiscomfortLevel>
        <PatientComplains>true</PatientComplains>
        <Hazard>Low</Hazard>
        <PatientMobility>MOBILE</PatientMobility>
		
        <Examinations>
            <ExaminationRef>EXM_INTERVIEW</ExaminationRef>
        </Examinations>
        <Treatments>
            <TreatmentRef>TRT_CRP_SKIN_LT</TreatmentRef>
        </Treatments>
		
        <ShameLevel>0</ShameLevel>
        <IsMainSymptom>true</IsMainSymptom>
		
        <IconIndex>1</IconIndex>
		
		<CustomIconBigAssetRef>ASSET_PLAS_DIA_ICON_033</CustomIconBigAssetRef>
		<CustomIconSmallAssetRef>ASSET_PLAS_DIA_ICON_034</CustomIconSmallAssetRef>
		
    </GameDBSymptom>
	
	<!-- Blepharospam -->
	<GameDBSymptom ID="SYM_PLAS_R001">
        <DescriptionLocID>SYM_PLAS_R001_DESC</DescriptionLocID>
        <DiscomfortLevel>Medium</DiscomfortLevel>
        <PatientComplains>false</PatientComplains>
        <Hazard>Low</Hazard>
        <PatientMobility>MOBILE</PatientMobility>
		
        <Examinations>
            <ExaminationRef>EXM_EVALUATION</ExaminationRef>
        </Examinations>
        <Treatments>
            <TreatmentRef>TRT_CRP_BOTOX</TreatmentRef>
        </Treatments>
		
        <ShameLevel>0</ShameLevel>
        <IsMainSymptom>true</IsMainSymptom>
		
        <IconIndex>1</IconIndex>
		
		<CustomIconBigAssetRef>ASSET_PLAS_DIA_ICON_009</CustomIconBigAssetRef>
		<CustomIconSmallAssetRef>ASSET_PLAS_DIA_ICON_010</CustomIconSmallAssetRef>
		
    </GameDBSymptom>
	
	<!-- Misaligned Eyes -->
	<GameDBSymptom ID="SYM_PLAS_R002_V2">
        <DescriptionLocID>SYM_PLAS_R002_DESC</DescriptionLocID>
        <DiscomfortLevel>Medium</DiscomfortLevel>
        <PatientComplains>false</PatientComplains>
        <Hazard>Low</Hazard>
        <PatientMobility>MOBILE</PatientMobility>
		
        <Examinations>
            <ExaminationRef>EXM_PHYSICAL_AND_VISUAL_EXAMINATION</ExaminationRef>
        </Examinations>
        <Treatments>
            <TreatmentRef>SUR_SLP_PLAS_EYEMSURGERY</TreatmentRef>
        </Treatments>
		
        <ShameLevel>0</ShameLevel>
        <IsMainSymptom>true</IsMainSymptom>
		
        <IconIndex>1</IconIndex>
		
		<CustomIconBigAssetRef>ASSET_PLAS_DIA_ICON_011</CustomIconBigAssetRef>
		<CustomIconSmallAssetRef>ASSET_PLAS_DIA_ICON_012</CustomIconSmallAssetRef>
		
    </GameDBSymptom>
	
	<!-- Simple Varicose Veins -->
	<GameDBSymptom ID="SYM_PLAS_R003">
        <DescriptionLocID>SYM_PLAS_R003_DESC</DescriptionLocID>
        <DiscomfortLevel>Medium</DiscomfortLevel>
        <PatientComplains>false</PatientComplains>
        <Hazard>Low</Hazard>
        <PatientMobility>MOBILE</PatientMobility>
		
        <Examinations>
            <ExaminationRef>EXM_PHYSICAL_AND_VISUAL_EXAMINATION</ExaminationRef>
        </Examinations>
        <Treatments>
            <TreatmentRef>TRT_CRP_SCLEROTHERAPY</TreatmentRef>
        </Treatments>
		
        <ShameLevel>0</ShameLevel>
        <IsMainSymptom>true</IsMainSymptom>
		
        <IconIndex>1</IconIndex>
		
		<CustomIconBigAssetRef>ASSET_PLAS_SYM_ICON_055</CustomIconBigAssetRef>
		<CustomIconSmallAssetRef>ASSET_PLAS_SYM_ICON_056</CustomIconSmallAssetRef>
		
    </GameDBSymptom>
	
	<!-- Permanently Bent Finger (Male) -->
	<GameDBSymptom ID="SYM_PLAS_R004_M">
        <DescriptionLocID>SYM_PLAS_R004_DESC</DescriptionLocID>
        <DiscomfortLevel>Medium</DiscomfortLevel>
        <PatientComplains>false</PatientComplains>
        <Hazard>Low</Hazard>
        <PatientMobility>MOBILE</PatientMobility>
		
        <Examinations>
            <ExaminationRef>EXM_EVALUATION</ExaminationRef>
        </Examinations>
        <Treatments>
            <TreatmentRef>TRT_CRP_CHE_INJECT</TreatmentRef>
        </Treatments>
		
        <ShameLevel>0</ShameLevel>
        <IsMainSymptom>true</IsMainSymptom>
		
        <IconIndex>1</IconIndex>
		
		<CustomIconBigAssetRef></CustomIconBigAssetRef>
		<CustomIconSmallAssetRef></CustomIconSmallAssetRef>
		
    </GameDBSymptom>
	
	<!-- Permanently Bent Finger (Female) -->
	<GameDBSymptom ID="SYM_PLAS_R004_F">
        <DescriptionLocID>SYM_PLAS_R004_DESC</DescriptionLocID>
        <DiscomfortLevel>Medium</DiscomfortLevel>
        <PatientComplains>false</PatientComplains>
        <Hazard>Low</Hazard>
        <PatientMobility>MOBILE</PatientMobility>
		
        <Examinations>
            <ExaminationRef>EXM_EVALUATION</ExaminationRef>
        </Examinations>
        <Treatments>
            <TreatmentRef>TRT_CRP_CHE_INJECT</TreatmentRef>
        </Treatments>
		
        <ShameLevel>0</ShameLevel>
        <IsMainSymptom>true</IsMainSymptom>
		
        <IconIndex>1</IconIndex>
		
		<CustomIconBigAssetRef></CustomIconBigAssetRef>
		<CustomIconSmallAssetRef></CustomIconSmallAssetRef>
		
    </GameDBSymptom>
	
	<!-- Hypertrophic Scar -->
	<GameDBSymptom ID="SYM_PLAS_R005">
        <DescriptionLocID>SYM_PLAS_R005_DESC</DescriptionLocID>
        <DiscomfortLevel>Medium</DiscomfortLevel>
        <PatientComplains>false</PatientComplains>
        <Hazard>Low</Hazard>
        <PatientMobility>MOBILE</PatientMobility>
		
        <Examinations>
            <ExaminationRef>EXM_EVALUATION</ExaminationRef>
        </Examinations>
        <Treatments>
            <TreatmentRef>TRT_CRP_CORTICOSTEROID_INJECTIONS2</TreatmentRef>
        </Treatments>
		
        <ShameLevel>0</ShameLevel>
        <IsMainSymptom>true</IsMainSymptom>
		
        <IconIndex>1</IconIndex>
		
		<CustomIconBigAssetRef>ASSET_PLAS_DIA_ICON_023</CustomIconBigAssetRef>
		<CustomIconSmallAssetRef>ASSET_PLAS_DIA_ICON_024</CustomIconSmallAssetRef>
		
    </GameDBSymptom>
	
	<!-- Keloid Scar -->
	<GameDBSymptom ID="SYM_PLAS_R006">
        <DescriptionLocID>SYM_PLAS_R006_DESC</DescriptionLocID>
        <DiscomfortLevel>High</DiscomfortLevel>
        <PatientComplains>false</PatientComplains>
        <Hazard>Low</Hazard>
        <PatientMobility>MOBILE</PatientMobility>
		
        <Examinations>
            <ExaminationRef>EXM_EVALUATION</ExaminationRef>
        </Examinations>
        <Treatments>
            <TreatmentRef>TRT_CRP_CRYOSURGERY</TreatmentRef>
        </Treatments>
		
        <ShameLevel>0</ShameLevel>
        <IsMainSymptom>true</IsMainSymptom>
		
        <IconIndex>1</IconIndex>
		
		<CustomIconBigAssetRef>ASSET_PLAS_DIA_ICON_025</CustomIconBigAssetRef>
		<CustomIconSmallAssetRef>ASSET_PLAS_DIA_ICON_026</CustomIconSmallAssetRef>
		
    </GameDBSymptom>
	
	<!-- Loss of Digit -->
	<GameDBSymptom ID="SYM_PLAS_RT001_V2">
        <DescriptionLocID>SYM_PLAS_RT001_DESC</DescriptionLocID>
        <DiscomfortLevel>High</DiscomfortLevel>
        <PatientComplains>true</PatientComplains>
        <Hazard>High</Hazard>
        <PatientMobility>IMOBILE</PatientMobility>
		
		<RiskOfCollapseStartHours>2</RiskOfCollapseStartHours>
        <RiskOfCollapseEndHours>16</RiskOfCollapseEndHours>
        <CollapseSymptomRef>SYM_SEPTIC_SHOCK</CollapseSymptomRef>
		
        <Examinations>
            <ExaminationRef>EXM_INTERVIEW</ExaminationRef>
			<ExaminationRef>EXM_PHYSICAL_AND_VISUAL_EXAMINATION</ExaminationRef>
        </Examinations>
        <Treatments>
            <TreatmentRef>SUR_SLP_PLAS_REPLANT</TreatmentRef>
        </Treatments>
		
        <ShameLevel>0</ShameLevel>
        <IsMainSymptom>true</IsMainSymptom>
		
        <IconIndex>1</IconIndex>
		
		<CustomIconBigAssetRef>ASSET_PLAS_DIA_ICON_027</CustomIconBigAssetRef>
		<CustomIconSmallAssetRef>ASSET_PLAS_DIA_ICON_028</CustomIconSmallAssetRef>
		
    </GameDBSymptom>
	
</Database>